

                [38;5;069m(((((((((    [38;5;203m((((([38;5;220m####
             [38;5;069m((((((((((((([38;5;203m((((((((([38;5;220m#########
           [38;5;069m((((((((((((([38;5;203m((((((((((([38;5;220m###########
         [38;5;069m(((((((((((((([38;5;203m(((((((((((([38;5;220m############
        [38;5;069m((((((((((((([38;5;203m(((((((((((((([38;5;220m#############
        [38;5;069m((((((((((((([38;5;203m(((((((((((((([38;5;220m#############
         [38;5;069m(((((((((((([38;5;203m((((((((((((([38;5;220m##############
         [38;5;069m(((((((((((([38;5;203m(((((((((((([38;5;220m##############
           [38;5;069m(((((((((([38;5;203m((((((((((([38;5;220m#############
             [38;5;069m(((((((([38;5;203m(((((((([38;5;220m##############
                [38;5;069m((((([38;5;203m((((    [38;5;220m#########[0m

Saving data to: [local-path]
Connect to Chroma at: http://localhost:8000
Getting started guide: https://docs.trychroma.com/docs/overview/getting-started

☁️ To deploy your DB - try Chroma Cloud!
- Sign up: https://trychroma.com/signup
- Copy your data to Cloud: chroma copy --to-cloud --all

  [2m2026-09-30T07:15:13.380023Z[0m [32m INFO[0m  [32mGlobal tracing subscriber set[0m
    [2;3mat[0m rust\tracing\src\init_tracer.rs:370

  [2m2026-09-30T07:15:13.945419Z[0m [32m INFO[0m  [32mFrontend server listening on address, [1;32maddr[0m[32m: 127.0.0.1:8000[0m
    [2;3mat[0m rust\frontend\src\server.rs:416

  [2m2026-09-30T07:15:25.070663Z[0m [32m INFO[0m  [1;32mtenant_name[0m[32m: default_tenant[0m
    [2;3mat[0m rust\frontend\src\server.rs:757
    [2;3min[0m [1mHTTP request[0m [2;3mwith[0m [1mhttp.method[0m: GET, [1mhttp.uri[0m: /api/v2/tenants/default_tenant, [1mhttp.route[0m: "/api/v2/tenants/{tenant_name}", [1mhttp.version[0m: HTTP/1.1, [1mhttp.host[0m: 127.0.0.1:8000, [1mhttp.user_agent[0m: Chroma Python Client v1.5.9 (https://github.com/chroma-core/chroma), [1motel.name[0m: "GET /api/v2/tenants/{tenant_name}"

  [2m2026-09-30T07:15:25.147143Z[0m [32m INFO[0m  [1;32mtenant_name[0m[32m: default_tenant, [1;32mdatabase_name[0m[32m: default_database[0m
    [2;3mat[0m rust\frontend\src\server.rs:1015
    [2;3min[0m [1mHTTP request[0m [2;3mwith[0m [1mhttp.method[0m: GET, [1mhttp.uri[0m: /api/v2/tenants/default_tenant/databases/default_database, [1mhttp.route[0m: "/api/v2/tenants/{tenant}/databases/{database}", [1mhttp.version[0m: HTTP/1.1, [1mhttp.host[0m: 127.0.0.1:8000, [1mhttp.user_agent[0m: Chroma Python Client v1.5.9 (https://github.com/chroma-core/chroma), [1motel.name[0m: "GET /api/v2/tenants/{tenant}/databases/{database}"

  [2m2026-09-30T07:15:25.220678Z[0m [32m INFO[0m  [1;32mtenant_name[0m[32m: default_tenant, [1;32mdatabase_name[0m[32m: default_database[0m
    [2;3mat[0m rust\frontend\src\server.rs:1315
    [2;3min[0m [1mHTTP request[0m [2;3mwith[0m [1mhttp.method[0m: POST, [1mhttp.uri[0m: /api/v2/tenants/default_tenant/databases/default_database/collections, [1mhttp.route[0m: "/api/v2/tenants/{tenant}/databases/{database}/collections", [1mhttp.version[0m: HTTP/1.1, [1mhttp.host[0m: 127.0.0.1:8000, [1mhttp.user_agent[0m: Chroma Python Client v1.5.9 (https://github.com/chroma-core/chroma), [1motel.name[0m: "POST /api/v2/tenants/{tenant}/databases/{database}/collections"

  [2m2026-09-30T07:15:25.336449Z[0m [32m INFO[0m  [1;32mtenant[0m[32m: "default_tenant", [1;32mdatabase[0m[32m: "default_database", [1;32mcollection_id[0m[32m: "48e9ba0a-9719-4833-b753-6fcb41883cd9"[0m
    [2;3mat[0m rust\frontend\src\server.rs:2535
    [2;3min[0m [1mHTTP request[0m [2;3mwith[0m [1mhttp.method[0m: GET, [1mhttp.uri[0m: /api/v2/tenants/default_tenant/databases/default_database/collections/48e9ba0a-9719-4833-b753-6fcb41883cd9/count?read_level=index_and_wal, [1mhttp.route[0m: "/api/v2/tenants/{tenant}/databases/{database}/collections/{collection_id}/count", [1mhttp.version[0m: HTTP/1.1, [1mhttp.host[0m: 127.0.0.1:8000, [1mhttp.user_agent[0m: Chroma Python Client v1.5.9 (https://github.com/chroma-core/chroma), [1motel.name[0m: "GET /api/v2/tenants/{tenant}/databases/{database}/collections/{collection_id}/count"

  [2m2026-09-30T07:15:25.337041Z[0m [32m INFO[0m  [32mCache miss for collection 48e9ba0a-9719-4833-b753-6fcb41883cd9[0m
    [2;3mat[0m rust\frontend\src\get_collection_with_segments_provider.rs:182
    [2;3min[0m [1mHTTP request[0m [2;3mwith[0m [1mhttp.method[0m: GET, [1mhttp.uri[0m: /api/v2/tenants/default_tenant/databases/default_database/collections/48e9ba0a-9719-4833-b753-6fcb41883cd9/count?read_level=index_and_wal, [1mhttp.route[0m: "/api/v2/tenants/{tenant}/databases/{database}/collections/{collection_id}/count", [1mhttp.version[0m: HTTP/1.1, [1mhttp.host[0m: 127.0.0.1:8000, [1mhttp.user_agent[0m: Chroma Python Client v1.5.9 (https://github.com/chroma-core/chroma), [1motel.name[0m: "GET /api/v2/tenants/{tenant}/databases/{database}/collections/{collection_id}/count"

  [2m2026-09-30T07:15:25.364302Z[0m [32m INFO[0m  [32mCache miss for collection 48e9ba0a-9719-4833-b753-6fcb41883cd9[0m
    [2;3mat[0m rust\frontend\src\get_collection_with_segments_provider.rs:182
    [2;3min[0m [1mHTTP request[0m [2;3mwith[0m [1mhttp.method[0m: GET, [1mhttp.uri[0m: /api/v2/tenants/default_tenant/databases/default_database/collections/48e9ba0a-9719-4833-b753-6fcb41883cd9/count?read_level=index_and_wal, [1mhttp.route[0m: "/api/v2/tenants/{tenant}/databases/{database}/collections/{collection_id}/count", [1mhttp.version[0m: HTTP/1.1, [1mhttp.host[0m: 127.0.0.1:8000, [1mhttp.user_agent[0m: Chroma Python Client v1.5.9 (https://github.com/chroma-core/chroma), [1motel.name[0m: "GET /api/v2/tenants/{tenant}/databases/{database}/collections/{collection_id}/count"

  [2m2026-09-30T07:18:15.658858Z[0m [32m INFO[0m  [1;32mtenant_name[0m[32m: default_tenant[0m
    [2;3mat[0m rust\frontend\src\server.rs:757
    [2;3min[0m [1mHTTP request[0m [2;3mwith[0m [1mhttp.method[0m: GET, [1mhttp.uri[0m: /api/v2/tenants/default_tenant, [1mhttp.route[0m: "/api/v2/tenants/{tenant_name}", [1mhttp.version[0m: HTTP/1.1, [1mhttp.host[0m: 127.0.0.1:8000, [1mhttp.user_agent[0m: Chroma Python Client v1.5.9 (https://github.com/chroma-core/chroma), [1motel.name[0m: "GET /api/v2/tenants/{tenant_name}"

  [2m2026-09-30T07:18:15.659989Z[0m [32m INFO[0m  [1;32mtenant_name[0m[32m: default_tenant, [1;32mdatabase_name[0m[32m: default_database[0m
    [2;3mat[0m rust\frontend\src\server.rs:1015
    [2;3min[0m [1mHTTP request[0m [2;3mwith[0m [1mhttp.method[0m: GET, [1mhttp.uri[0m: /api/v2/tenants/default_tenant/databases/default_database, [1mhttp.route[0m: "/api/v2/tenants/{tenant}/databases/{database}", [1mhttp.version[0m: HTTP/1.1, [1mhttp.host[0m: 127.0.0.1:8000, [1mhttp.user_agent[0m: Chroma Python Client v1.5.9 (https://github.com/chroma-core/chroma), [1motel.name[0m: "GET /api/v2/tenants/{tenant}/databases/{database}"

  [2m2026-09-30T07:18:15.661386Z[0m [32m INFO[0m  [1;32mtenant_name[0m[32m: default_tenant, [1;32mdatabase_name[0m[32m: default_database[0m
    [2;3mat[0m rust\frontend\src\server.rs:1315
    [2;3min[0m [1mHTTP request[0m [2;3mwith[0m [1mhttp.method[0m: POST, [1mhttp.uri[0m: /api/v2/tenants/default_tenant/databases/default_database/collections, [1mhttp.route[0m: "/api/v2/tenants/{tenant}/databases/{database}/collections", [1mhttp.version[0m: HTTP/1.1, [1mhttp.host[0m: 127.0.0.1:8000, [1mhttp.user_agent[0m: Chroma Python Client v1.5.9 (https://github.com/chroma-core/chroma), [1motel.name[0m: "POST /api/v2/tenants/{tenant}/databases/{database}/collections"

  [2m2026-09-30T07:18:15.664004Z[0m [32m INFO[0m  [1;32mtenant[0m[32m: "default_tenant", [1;32mdatabase[0m[32m: "default_database", [1;32mcollection_id[0m[32m: "48e9ba0a-9719-4833-b753-6fcb41883cd9"[0m
    [2;3mat[0m rust\frontend\src\server.rs:2535
    [2;3min[0m [1mHTTP request[0m [2;3mwith[0m [1mhttp.method[0m: GET, [1mhttp.uri[0m: /api/v2/tenants/default_tenant/databases/default_database/collections/48e9ba0a-9719-4833-b753-6fcb41883cd9/count?read_level=index_and_wal, [1mhttp.route[0m: "/api/v2/tenants/{tenant}/databases/{database}/collections/{collection_id}/count", [1mhttp.version[0m: HTTP/1.1, [1mhttp.host[0m: 127.0.0.1:8000, [1mhttp.user_agent[0m: Chroma Python Client v1.5.9 (https://github.com/chroma-core/chroma), [1motel.name[0m: "GET /api/v2/tenants/{tenant}/databases/{database}/collections/{collection_id}/count"

  [2m2026-09-30T07:18:15.664093Z[0m [32m INFO[0m  [32mCache miss for collection 48e9ba0a-9719-4833-b753-6fcb41883cd9[0m
    [2;3mat[0m rust\frontend\src\get_collection_with_segments_provider.rs:182
    [2;3min[0m [1mHTTP request[0m [2;3mwith[0m [1mhttp.method[0m: GET, [1mhttp.uri[0m: /api/v2/tenants/default_tenant/databases/default_database/collections/48e9ba0a-9719-4833-b753-6fcb41883cd9/count?read_level=index_and_wal, [1mhttp.route[0m: "/api/v2/tenants/{tenant}/databases/{database}/collections/{collection_id}/count", [1mhttp.version[0m: HTTP/1.1, [1mhttp.host[0m: 127.0.0.1:8000, [1mhttp.user_agent[0m: Chroma Python Client v1.5.9 (https://github.com/chroma-core/chroma), [1motel.name[0m: "GET /api/v2/tenants/{tenant}/databases/{database}/collections/{collection_id}/count"

  [2m2026-09-30T07:18:15.665110Z[0m [32m INFO[0m  [32mCache miss for collection 48e9ba0a-9719-4833-b753-6fcb41883cd9[0m
    [2;3mat[0m rust\frontend\src\get_collection_with_segments_provider.rs:182
    [2;3min[0m [1mHTTP request[0m [2;3mwith[0m [1mhttp.method[0m: GET, [1mhttp.uri[0m: /api/v2/tenants/default_tenant/databases/default_database/collections/48e9ba0a-9719-4833-b753-6fcb41883cd9/count?read_level=index_and_wal, [1mhttp.route[0m: "/api/v2/tenants/{tenant}/databases/{database}/collections/{collection_id}/count", [1mhttp.version[0m: HTTP/1.1, [1mhttp.host[0m: 127.0.0.1:8000, [1mhttp.user_agent[0m: Chroma Python Client v1.5.9 (https://github.com/chroma-core/chroma), [1motel.name[0m: "GET /api/v2/tenants/{tenant}/databases/{database}/collections/{collection_id}/count"

  [2m2026-09-30T07:18:15.715197Z[0m [32m INFO[0m  [32mCache miss for collection 48e9ba0a-9719-4833-b753-6fcb41883cd9[0m
    [2;3mat[0m rust\frontend\src\get_collection_with_segments_provider.rs:182
    [2;3min[0m [1mHTTP request[0m [2;3mwith[0m [1mhttp.method[0m: POST, [1mhttp.uri[0m: /api/v2/tenants/default_tenant/databases/default_database/collections/48e9ba0a-9719-4833-b753-6fcb41883cd9/get, [1mhttp.route[0m: "/api/v2/tenants/{tenant}/databases/{database}/collections/{collection_id}/get", [1mhttp.version[0m: HTTP/1.1, [1mhttp.host[0m: 127.0.0.1:8000, [1mhttp.user_agent[0m: Chroma Python Client v1.5.9 (https://github.com/chroma-core/chroma), [1motel.name[0m: "POST /api/v2/tenants/{tenant}/databases/{database}/collections/{collection_id}/get"

  [2m2026-09-30T07:18:15.741209Z[0m [32m INFO[0m  [1;32mnum_ids[0m[32m: 602, [1;32minclude[0m[32m: IncludeList([Document, Metadata]), [1;32mhas_where[0m[32m: false[0m
    [2;3mat[0m rust\frontend\src\server.rs:2860
    [2;3min[0m [1mHTTP request[0m [2;3mwith[0m [1mhttp.method[0m: POST, [1mhttp.uri[0m: /api/v2/tenants/default_tenant/databases/default_database/collections/48e9ba0a-9719-4833-b753-6fcb41883cd9/get, [1mhttp.route[0m: "/api/v2/tenants/{tenant}/databases/{database}/collections/{collection_id}/get", [1mhttp.version[0m: HTTP/1.1, [1mhttp.host[0m: 127.0.0.1:8000, [1mhttp.user_agent[0m: Chroma Python Client v1.5.9 (https://github.com/chroma-core/chroma), [1motel.name[0m: "POST /api/v2/tenants/{tenant}/databases/{database}/collections/{collection_id}/get"

  [2m2026-09-30T07:18:15.763414Z[0m [32m INFO[0m  [32mCache miss for collection 48e9ba0a-9719-4833-b753-6fcb41883cd9[0m
    [2;3mat[0m rust\frontend\src\get_collection_with_segments_provider.rs:182
    [2;3min[0m [1mHTTP request[0m [2;3mwith[0m [1mhttp.method[0m: POST, [1mhttp.uri[0m: /api/v2/tenants/default_tenant/databases/default_database/collections/48e9ba0a-9719-4833-b753-6fcb41883cd9/get, [1mhttp.route[0m: "/api/v2/tenants/{tenant}/databases/{database}/collections/{collection_id}/get", [1mhttp.version[0m: HTTP/1.1, [1mhttp.host[0m: 127.0.0.1:8000, [1mhttp.user_agent[0m: Chroma Python Client v1.5.9 (https://github.com/chroma-core/chroma), [1motel.name[0m: "POST /api/v2/tenants/{tenant}/databases/{database}/collections/{collection_id}/get"

  [2m2026-09-30T07:18:16.680197Z[0m [32m INFO[0m  [32mCache miss for collection 48e9ba0a-9719-4833-b753-6fcb41883cd9[0m
    [2;3mat[0m rust\frontend\src\get_collection_with_segments_provider.rs:182
    [2;3min[0m [1mcollection_upsert[0m
    [2;3min[0m [1mHTTP request[0m [2;3mwith[0m [1mhttp.method[0m: POST, [1mhttp.uri[0m: /api/v2/tenants/default_tenant/databases/default_database/collections/48e9ba0a-9719-4833-b753-6fcb41883cd9/upsert, [1mhttp.route[0m: "/api/v2/tenants/{tenant}/databases/{database}/collections/{collection_id}/upsert", [1mhttp.version[0m: HTTP/1.1, [1mhttp.host[0m: 127.0.0.1:8000, [1mhttp.user_agent[0m: Chroma Python Client v1.5.9 (https://github.com/chroma-core/chroma), [1motel.name[0m: "POST /api/v2/tenants/{tenant}/databases/{database}/collections/{collection_id}/upsert"

  [2m2026-09-30T07:18:16.686707Z[0m [32m INFO[0m  [1;32mtenant_name[0m[32m: default_tenant, [1;32mdatabase_name[0m[32m: default_database, [1;32mcollection_id[0m[32m: 48e9ba0a-9719-4833-b753-6fcb41883cd9, [1;32mnum_ids[0m[32m: 16[0m
    [2;3mat[0m rust\frontend\src\server.rs:2323
    [2;3min[0m [1mcollection_upsert[0m
    [2;3min[0m [1mHTTP request[0m [2;3mwith[0m [1mhttp.method[0m: POST, [1mhttp.uri[0m: /api/v2/tenants/default_tenant/databases/default_database/collections/48e9ba0a-9719-4833-b753-6fcb41883cd9/upsert, [1mhttp.route[0m: "/api/v2/tenants/{tenant}/databases/{database}/collections/{collection_id}/upsert", [1mhttp.version[0m: HTTP/1.1, [1mhttp.host[0m: 127.0.0.1:8000, [1mhttp.user_agent[0m: Chroma Python Client v1.5.9 (https://github.com/chroma-core/chroma), [1motel.name[0m: "POST /api/v2/tenants/{tenant}/databases/{database}/collections/{collection_id}/upsert"

  [2m2026-09-30T07:18:16.687394Z[0m [32m INFO[0m  [32mCache miss for collection 48e9ba0a-9719-4833-b753-6fcb41883cd9[0m
    [2;3mat[0m rust\frontend\src\get_collection_with_segments_provider.rs:182
    [2;3min[0m [1mcollection_upsert[0m
    [2;3min[0m [1mHTTP request[0m [2;3mwith[0m [1mhttp.method[0m: POST, [1mhttp.uri[0m: /api/v2/tenants/default_tenant/databases/default_database/collections/48e9ba0a-9719-4833-b753-6fcb41883cd9/upsert, [1mhttp.route[0m: "/api/v2/tenants/{tenant}/databases/{database}/collections/{collection_id}/upsert", [1mhttp.version[0m: HTTP/1.1, [1mhttp.host[0m: 127.0.0.1:8000, [1mhttp.user_agent[0m: Chroma Python Client v1.5.9 (https://github.com/chroma-core/chroma), [1motel.name[0m: "POST /api/v2/tenants/{tenant}/databases/{database}/collections/{collection_id}/upsert"

  [2m2026-09-30T07:18:18.548799Z[0m [32m INFO[0m  [32mCache miss for collection 48e9ba0a-9719-4833-b753-6fcb41883cd9[0m
    [2;3mat[0m rust\frontend\src\get_collection_with_segments_provider.rs:182
    [2;3min[0m [1mcollection_upsert[0m
    [2;3min[0m [1mHTTP request[0m [2;3mwith[0m [1mhttp.method[0m: POST, [1mhttp.uri[0m: /api/v2/tenants/default_tenant/databases/default_database/collections/48e9ba0a-9719-4833-b753-6fcb41883cd9/upsert, [1mhttp.route[0m: "/api/v2/tenants/{tenant}/databases/{database}/collections/{collection_id}/upsert", [1mhttp.version[0m: HTTP/1.1, [1mhttp.host[0m: 127.0.0.1:8000, [1mhttp.user_agent[0m: Chroma Python Client v1.5.9 (https://github.com/chroma-core/chroma), [1motel.name[0m: "POST /api/v2/tenants/{tenant}/databases/{database}/collections/{collection_id}/upsert"

  [2m2026-09-30T07:18:18.549747Z[0m [32m INFO[0m  [1;32mtenant_name[0m[32m: default_tenant, [1;32mdatabase_name[0m[32m: default_database, [1;32mcollection_id[0m[32m: 48e9ba0a-9719-4833-b753-6fcb41883cd9, [1;32mnum_ids[0m[32m: 16[0m
    [2;3mat[0m rust\frontend\src\server.rs:2323
    [2;3min[0m [1mcollection_upsert[0m
    [2;3min[0m [1mHTTP request[0m [2;3mwith[0m [1mhttp.method[0m: POST, [1mhttp.uri[0m: /api/v2/tenants/default_tenant/databases/default_database/collections/48e9ba0a-9719-4833-b753-6fcb41883cd9/upsert, [1mhttp.route[0m: "/api/v2/tenants/{tenant}/databases/{database}/collections/{collection_id}/upsert", [1mhttp.version[0m: HTTP/1.1, [1mhttp.host[0m: 127.0.0.1:8000, [1mhttp.user_agent[0m: Chroma Python Client v1.5.9 (https://github.com/chroma-core/chroma), [1motel.name[0m: "POST /api/v2/tenants/{tenant}/databases/{database}/collections/{collection_id}/upsert"

  [2m2026-09-30T07:18:18.549832Z[0m [32m INFO[0m  [32mCache miss for collection 48e9ba0a-9719-4833-b753-6fcb41883cd9[0m
    [2;3mat[0m rust\frontend\src\get_collection_with_segments_provider.rs:182
    [2;3min[0m [1mcollection_upsert[0m
    [2;3min[0m [1mHTTP request[0m [2;3mwith[0m [1mhttp.method[0m: POST, [1mhttp.uri[0m: /api/v2/tenants/default_tenant/databases/default_database/collections/48e9ba0a-9719-4833-b753-6fcb41883cd9/upsert, [1mhttp.route[0m: "/api/v2/tenants/{tenant}/databases/{database}/collections/{collection_id}/upsert", [1mhttp.version[0m: HTTP/1.1, [1mhttp.host[0m: 127.0.0.1:8000, [1mhttp.user_agent[0m: Chroma Python Client v1.5.9 (https://github.com/chroma-core/chroma), [1motel.name[0m: "POST /api/v2/tenants/{tenant}/databases/{database}/collections/{collection_id}/upsert"

  [2m2026-09-30T07:18:20.324088Z[0m [32m INFO[0m  [32mCache miss for collection 48e9ba0a-9719-4833-b753-6fcb41883cd9[0m
    [2;3mat[0m rust\frontend\src\get_collection_with_segments_provider.rs:182
    [2;3min[0m [1mcollection_upsert[0m
    [2;3min[0m [1mHTTP request[0m [2;3mwith[0m [1mhttp.method[0m: POST, [1mhttp.uri[0m: /api/v2/tenants/default_tenant/databases/default_database/collections/48e9ba0a-9719-4833-b753-6fcb41883cd9/upsert, [1mhttp.route[0m: "/api/v2/tenants/{tenant}/databases/{database}/collections/{collection_id}/upsert", [1mhttp.version[0m: HTTP/1.1, [1mhttp.host[0m: 127.0.0.1:8000, [1mhttp.user_agent[0m: Chroma Python Client v1.5.9 (https://github.com/chroma-core/chroma), [1motel.name[0m: "POST /api/v2/tenants/{tenant}/databases/{database}/collections/{collection_id}/upsert"

  [2m2026-09-30T07:18:20.325035Z[0m [32m INFO[0m  [1;32mtenant_name[0m[32m: default_tenant, [1;32mdatabase_name[0m[32m: default_database, [1;32mcollection_id[0m[32m: 48e9ba0a-9719-4833-b753-6fcb41883cd9, [1;32mnum_ids[0m[32m: 16[0m
    [2;3mat[0m rust\frontend\src\server.rs:2323
    [2;3min[0m [1mcollection_upsert[0m
    [2;3min[0m [1mHTTP request[0m [2;3mwith[0m [1mhttp.method[0m: POST, [1mhttp.uri[0m: /api/v2/tenants/default_tenant/databases/default_database/collections/48e9ba0a-9719-4833-b753-6fcb41883cd9/upsert, [1mhttp.route[0m: "/api/v2/tenants/{tenant}/databases/{database}/collections/{collection_id}/upsert", [1mhttp.version[0m: HTTP/1.1, [1mhttp.host[0m: 127.0.0.1:8000, [1mhttp.user_agent[0m: Chroma Python Client v1.5.9 (https://github.com/chroma-core/chroma), [1motel.name[0m: "POST /api/v2/tenants/{tenant}/databases/{database}/collections/{collection_id}/upsert"

  [2m2026-09-30T07:18:20.325093Z[0m [32m INFO[0m  [32mCache miss for collection 48e9ba0a-9719-4833-b753-6fcb41883cd9[0m
    [2;3mat[0m rust\frontend\src\get_collection_with_segments_provider.rs:182
    [2;3min[0m [1mcollection_upsert[0m
    [2;3min[0m [1mHTTP request[0m [2;3mwith[0m [1mhttp.method[0m: POST, [1mhttp.uri[0m: /api/v2/tenants/default_tenant/databases/default_database/collections/48e9ba0a-9719-4833-b753-6fcb41883cd9/upsert, [1mhttp.route[0m: "/api/v2/tenants/{tenant}/databases/{database}/collections/{collection_id}/upsert", [1mhttp.version[0m: HTTP/1.1, [1mhttp.host[0m: 127.0.0.1:8000, [1mhttp.user_agent[0m: Chroma Python Client v1.5.9 (https://github.com/chroma-core/chroma), [1motel.name[0m: "POST /api/v2/tenants/{tenant}/databases/{database}/collections/{collection_id}/upsert"

  [2m2026-09-30T07:18:22.032305Z[0m [32m INFO[0m  [32mCache miss for collection 48e9ba0a-9719-4833-b753-6fcb41883cd9[0m
    [2;3mat[0m rust\frontend\src\get_collection_with_segments_provider.rs:182
    [2;3min[0m [1mcollection_upsert[0m
    [2;3min[0m [1mHTTP request[0m [2;3mwith[0m [1mhttp.method[0m: POST, [1mhttp.uri[0m: /api/v2/tenants/default_tenant/databases/default_database/collections/48e9ba0a-9719-4833-b753-6fcb41883cd9/upsert, [1mhttp.route[0m: "/api/v2/tenants/{tenant}/databases/{database}/collections/{collection_id}/upsert", [1mhttp.version[0m: HTTP/1.1, [1mhttp.host[0m: 127.0.0.1:8000, [1mhttp.user_agent[0m: Chroma Python Client v1.5.9 (https://github.com/chroma-core/chroma), [1motel.name[0m: "POST /api/v2/tenants/{tenant}/databases/{database}/collections/{collection_id}/upsert"

  [2m2026-09-30T07:18:22.033270Z[0m [32m INFO[0m  [1;32mtenant_name[0m[32m: default_tenant, [1;32mdatabase_name[0m[32m: default_database, [1;32mcollection_id[0m[32m: 48e9ba0a-9719-4833-b753-6fcb41883cd9, [1;32mnum_ids[0m[32m: 16[0m
    [2;3mat[0m rust\frontend\src\server.rs:2323
    [2;3min[0m [1mcollection_upsert[0m
    [2;3min[0m [1mHTTP request[0m [2;3mwith[0m [1mhttp.method[0m: POST, [1mhttp.uri[0m: /api/v2/tenants/default_tenant/databases/default_database/collections/48e9ba0a-9719-4833-b753-6fcb41883cd9/upsert, [1mhttp.route[0m: "/api/v2/tenants/{tenant}/databases/{database}/collections/{collection_id}/upsert", [1mhttp.version[0m: HTTP/1.1, [1mhttp.host[0m: 127.0.0.1:8000, [1mhttp.user_agent[0m: Chroma Python Client v1.5.9 (https://github.com/chroma-core/chroma), [1motel.name[0m: "POST /api/v2/tenants/{tenant}/databases/{database}/collections/{collection_id}/upsert"

  [2m2026-09-30T07:18:22.033318Z[0m [32m INFO[0m  [32mCache miss for collection 48e9ba0a-9719-4833-b753-6fcb41883cd9[0m
    [2;3mat[0m rust\frontend\src\get_collection_with_segments_provider.rs:182
    [2;3min[0m [1mcollection_upsert[0m
    [2;3min[0m [1mHTTP request[0m [2;3mwith[0m [1mhttp.method[0m: POST, [1mhttp.uri[0m: /api/v2/tenants/default_tenant/databases/default_database/collections/48e9ba0a-9719-4833-b753-6fcb41883cd9/upsert, [1mhttp.route[0m: "/api/v2/tenants/{tenant}/databases/{database}/collections/{collection_id}/upsert", [1mhttp.version[0m: HTTP/1.1, [1mhttp.host[0m: 127.0.0.1:8000, [1mhttp.user_agent[0m: Chroma Python Client v1.5.9 (https://github.com/chroma-core/chroma), [1motel.name[0m: "POST /api/v2/tenants/{tenant}/databases/{database}/collections/{collection_id}/upsert"

  [2m2026-09-30T07:18:23.540427Z[0m [32m INFO[0m  [32mCache miss for collection 48e9ba0a-9719-4833-b753-6fcb41883cd9[0m
    [2;3mat[0m rust\frontend\src\get_collection_with_segments_provider.rs:182
    [2;3min[0m [1mcollection_upsert[0m
    [2;3min[0m [1mHTTP request[0m [2;3mwith[0m [1mhttp.method[0m: POST, [1mhttp.uri[0m: /api/v2/tenants/default_tenant/databases/default_database/collections/48e9ba0a-9719-4833-b753-6fcb41883cd9/upsert, [1mhttp.route[0m: "/api/v2/tenants/{tenant}/databases/{database}/collections/{collection_id}/upsert", [1mhttp.version[0m: HTTP/1.1, [1mhttp.host[0m: 127.0.0.1:8000, [1mhttp.user_agent[0m: Chroma Python Client v1.5.9 (https://github.com/chroma-core/chroma), [1motel.name[0m: "POST /api/v2/tenants/{tenant}/databases/{database}/collections/{collection_id}/upsert"

  [2m2026-09-30T07:18:23.541283Z[0m [32m INFO[0m  [1;32mtenant_name[0m[32m: default_tenant, [1;32mdatabase_name[0m[32m: default_database, [1;32mcollection_id[0m[32m: 48e9ba0a-9719-4833-b753-6fcb41883cd9, [1;32mnum_ids[0m[32m: 16[0m
    [2;3mat[0m rust\frontend\src\server.rs:2323
    [2;3min[0m [1mcollection_upsert[0m
    [2;3min[0m [1mHTTP request[0m [2;3mwith[0m [1mhttp.method[0m: POST, [1mhttp.uri[0m: /api/v2/tenants/default_tenant/databases/default_database/collections/48e9ba0a-9719-4833-b753-6fcb41883cd9/upsert, [1mhttp.route[0m: "/api/v2/tenants/{tenant}/databases/{database}/collections/{collection_id}/upsert", [1mhttp.version[0m: HTTP/1.1, [1mhttp.host[0m: 127.0.0.1:8000, [1mhttp.user_agent[0m: Chroma Python Client v1.5.9 (https://github.com/chroma-core/chroma), [1motel.name[0m: "POST /api/v2/tenants/{tenant}/databases/{database}/collections/{collection_id}/upsert"

  [2m2026-09-30T07:18:23.541337Z[0m [32m INFO[0m  [32mCache miss for collection 48e9ba0a-9719-4833-b753-6fcb41883cd9[0m
    [2;3mat[0m rust\frontend\src\get_collection_with_segments_provider.rs:182
    [2;3min[0m [1mcollection_upsert[0m
    [2;3min[0m [1mHTTP request[0m [2;3mwith[0m [1mhttp.method[0m: POST, [1mhttp.uri[0m: /api/v2/tenants/default_tenant/databases/default_database/collections/48e9ba0a-9719-4833-b753-6fcb41883cd9/upsert, [1mhttp.route[0m: "/api/v2/tenants/{tenant}/databases/{database}/collections/{collection_id}/upsert", [1mhttp.version[0m: HTTP/1.1, [1mhttp.host[0m: 127.0.0.1:8000, [1mhttp.user_agent[0m: Chroma Python Client v1.5.9 (https://github.com/chroma-core/chroma), [1motel.name[0m: "POST /api/v2/tenants/{tenant}/databases/{database}/collections/{collection_id}/upsert"

  [2m2026-09-30T07:18:25.107439Z[0m [32m INFO[0m  [32mCache miss for collection 48e9ba0a-9719-4833-b753-6fcb41883cd9[0m
    [2;3mat[0m rust\frontend\src\get_collection_with_segments_provider.rs:182
    [2;3min[0m [1mcollection_upsert[0m
    [2;3min[0m [1mHTTP request[0m [2;3mwith[0m [1mhttp.method[0m: POST, [1mhttp.uri[0m: /api/v2/tenants/default_tenant/databases/default_database/collections/48e9ba0a-9719-4833-b753-6fcb41883cd9/upsert, [1mhttp.route[0m: "/api/v2/tenants/{tenant}/databases/{database}/collections/{collection_id}/upsert", [1mhttp.version[0m: HTTP/1.1, [1mhttp.host[0m: 127.0.0.1:8000, [1mhttp.user_agent[0m: Chroma Python Client v1.5.9 (https://github.com/chroma-core/chroma), [1motel.name[0m: "POST /api/v2/tenants/{tenant}/databases/{database}/collections/{collection_id}/upsert"

  [2m2026-09-30T07:18:25.108307Z[0m [32m INFO[0m  [1;32mtenant_name[0m[32m: default_tenant, [1;32mdatabase_name[0m[32m: default_database, [1;32mcollection_id[0m[32m: 48e9ba0a-9719-4833-b753-6fcb41883cd9, [1;32mnum_ids[0m[32m: 16[0m
    [2;3mat[0m rust\frontend\src\server.rs:2323
    [2;3min[0m [1mcollection_upsert[0m
    [2;3min[0m [1mHTTP request[0m [2;3mwith[0m [1mhttp.method[0m: POST, [1mhttp.uri[0m: /api/v2/tenants/default_tenant/databases/default_database/collections/48e9ba0a-9719-4833-b753-6fcb41883cd9/upsert, [1mhttp.route[0m: "/api/v2/tenants/{tenant}/databases/{database}/collections/{collection_id}/upsert", [1mhttp.version[0m: HTTP/1.1, [1mhttp.host[0m: 127.0.0.1:8000, [1mhttp.user_agent[0m: Chroma Python Client v1.5.9 (https://github.com/chroma-core/chroma), [1motel.name[0m: "POST /api/v2/tenants/{tenant}/databases/{database}/collections/{collection_id}/upsert"

  [2m2026-09-30T07:18:25.108352Z[0m [32m INFO[0m  [32mCache miss for collection 48e9ba0a-9719-4833-b753-6fcb41883cd9[0m
    [2;3mat[0m rust\frontend\src\get_collection_with_segments_provider.rs:182
    [2;3min[0m [1mcollection_upsert[0m
    [2;3min[0m [1mHTTP request[0m [2;3mwith[0m [1mhttp.method[0m: POST, [1mhttp.uri[0m: /api/v2/tenants/default_tenant/databases/default_database/collections/48e9ba0a-9719-4833-b753-6fcb41883cd9/upsert, [1mhttp.route[0m: "/api/v2/tenants/{tenant}/databases/{database}/collections/{collection_id}/upsert", [1mhttp.version[0m: HTTP/1.1, [1mhttp.host[0m: 127.0.0.1:8000, [1mhttp.user_agent[0m: Chroma Python Client v1.5.9 (https://github.com/chroma-core/chroma), [1motel.name[0m: "POST /api/v2/tenants/{tenant}/databases/{database}/collections/{collection_id}/upsert"

  [2m2026-09-30T07:18:26.790628Z[0m [32m INFO[0m  [32mCache miss for collection 48e9ba0a-9719-4833-b753-6fcb41883cd9[0m
    [2;3mat[0m rust\frontend\src\get_collection_with_segments_provider.rs:182
    [2;3min[0m [1mcollection_upsert[0m
    [2;3min[0m [1mHTTP request[0m [2;3mwith[0m [1mhttp.method[0m: POST, [1mhttp.uri[0m: /api/v2/tenants/default_tenant/databases/default_database/collections/48e9ba0a-9719-4833-b753-6fcb41883cd9/upsert, [1mhttp.route[0m: "/api/v2/tenants/{tenant}/databases/{database}/collections/{collection_id}/upsert", [1mhttp.version[0m: HTTP/1.1, [1mhttp.host[0m: 127.0.0.1:8000, [1mhttp.user_agent[0m: Chroma Python Client v1.5.9 (https://github.com/chroma-core/chroma), [1motel.name[0m: "POST /api/v2/tenants/{tenant}/databases/{database}/collections/{collection_id}/upsert"

  [2m2026-09-30T07:18:26.791484Z[0m [32m INFO[0m  [1;32mtenant_name[0m[32m: default_tenant, [1;32mdatabase_name[0m[32m: default_database, [1;32mcollection_id[0m[32m: 48e9ba0a-9719-4833-b753-6fcb41883cd9, [1;32mnum_ids[0m[32m: 16[0m
    [2;3mat[0m rust\frontend\src\server.rs:2323
    [2;3min[0m [1mcollection_upsert[0m
    [2;3min[0m [1mHTTP request[0m [2;3mwith[0m [1mhttp.method[0m: POST, [1mhttp.uri[0m: /api/v2/tenants/default_tenant/databases/default_database/collections/48e9ba0a-9719-4833-b753-6fcb41883cd9/upsert, [1mhttp.route[0m: "/api/v2/tenants/{tenant}/databases/{database}/collections/{collection_id}/upsert", [1mhttp.version[0m: HTTP/1.1, [1mhttp.host[0m: 127.0.0.1:8000, [1mhttp.user_agent[0m: Chroma Python Client v1.5.9 (https://github.com/chroma-core/chroma), [1motel.name[0m: "POST /api/v2/tenants/{tenant}/databases/{database}/collections/{collection_id}/upsert"

  [2m2026-09-30T07:18:26.791536Z[0m [32m INFO[0m  [32mCache miss for collection 48e9ba0a-9719-4833-b753-6fcb41883cd9[0m
    [2;3mat[0m rust\frontend\src\get_collection_with_segments_provider.rs:182
    [2;3min[0m [1mcollection_upsert[0m
    [2;3min[0m [1mHTTP request[0m [2;3mwith[0m [1mhttp.method[0m: POST, [1mhttp.uri[0m: /api/v2/tenants/default_tenant/databases/default_database/collections/48e9ba0a-9719-4833-b753-6fcb41883cd9/upsert, [1mhttp.route[0m: "/api/v2/tenants/{tenant}/databases/{database}/collections/{collection_id}/upsert", [1mhttp.version[0m: HTTP/1.1, [1mhttp.host[0m: 127.0.0.1:8000, [1mhttp.user_agent[0m: Chroma Python Client v1.5.9 (https://github.com/chroma-core/chroma), [1motel.name[0m: "POST /api/v2/tenants/{tenant}/databases/{database}/collections/{collection_id}/upsert"

  [2m2026-09-30T07:18:28.410936Z[0m [32m INFO[0m  [32mCache miss for collection 48e9ba0a-9719-4833-b753-6fcb41883cd9[0m
    [2;3mat[0m rust\frontend\src\get_collection_with_segments_provider.rs:182
    [2;3min[0m [1mcollection_upsert[0m
    [2;3min[0m [1mHTTP request[0m [2;3mwith[0m [1mhttp.method[0m: POST, [1mhttp.uri[0m: /api/v2/tenants/default_tenant/databases/default_database/collections/48e9ba0a-9719-4833-b753-6fcb41883cd9/upsert, [1mhttp.route[0m: "/api/v2/tenants/{tenant}/databases/{database}/collections/{collection_id}/upsert", [1mhttp.version[0m: HTTP/1.1, [1mhttp.host[0m: 127.0.0.1:8000, [1mhttp.user_agent[0m: Chroma Python Client v1.5.9 (https://github.com/chroma-core/chroma), [1motel.name[0m: "POST /api/v2/tenants/{tenant}/databases/{database}/collections/{collection_id}/upsert"

  [2m2026-09-30T07:18:28.411715Z[0m [32m INFO[0m  [1;32mtenant_name[0m[32m: default_tenant, [1;32mdatabase_name[0m[32m: default_database, [1;32mcollection_id[0m[32m: 48e9ba0a-9719-4833-b753-6fcb41883cd9, [1;32mnum_ids[0m[32m: 16[0m
    [2;3mat[0m rust\frontend\src\server.rs:2323
    [2;3min[0m [1mcollection_upsert[0m
    [2;3min[0m [1mHTTP request[0m [2;3mwith[0m [1mhttp.method[0m: POST, [1mhttp.uri[0m: /api/v2/tenants/default_tenant/databases/default_database/collections/48e9ba0a-9719-4833-b753-6fcb41883cd9/upsert, [1mhttp.route[0m: "/api/v2/tenants/{tenant}/databases/{database}/collections/{collection_id}/upsert", [1mhttp.version[0m: HTTP/1.1, [1mhttp.host[0m: 127.0.0.1:8000, [1mhttp.user_agent[0m: Chroma Python Client v1.5.9 (https://github.com/chroma-core/chroma), [1motel.name[0m: "POST /api/v2/tenants/{tenant}/databases/{database}/collections/{collection_id}/upsert"

  [2m2026-09-30T07:18:28.411769Z[0m [32m INFO[0m  [32mCache miss for collection 48e9ba0a-9719-4833-b753-6fcb41883cd9[0m
    [2;3mat[0m rust\frontend\src\get_collection_with_segments_provider.rs:182
    [2;3min[0m [1mcollection_upsert[0m
    [2;3min[0m [1mHTTP request[0m [2;3mwith[0m [1mhttp.method[0m: POST, [1mhttp.uri[0m: /api/v2/tenants/default_tenant/databases/default_database/collections/48e9ba0a-9719-4833-b753-6fcb41883cd9/upsert, [1mhttp.route[0m: "/api/v2/tenants/{tenant}/databases/{database}/collections/{collection_id}/upsert", [1mhttp.version[0m: HTTP/1.1, [1mhttp.host[0m: 127.0.0.1:8000, [1mhttp.user_agent[0m: Chroma Python Client v1.5.9 (https://github.com/chroma-core/chroma), [1motel.name[0m: "POST /api/v2/tenants/{tenant}/databases/{database}/collections/{collection_id}/upsert"

  [2m2026-09-30T07:18:30.256911Z[0m [32m INFO[0m  [32mCache miss for collection 48e9ba0a-9719-4833-b753-6fcb41883cd9[0m
    [2;3mat[0m rust\frontend\src\get_collection_with_segments_provider.rs:182
    [2;3min[0m [1mcollection_upsert[0m
    [2;3min[0m [1mHTTP request[0m [2;3mwith[0m [1mhttp.method[0m: POST, [1mhttp.uri[0m: /api/v2/tenants/default_tenant/databases/default_database/collections/48e9ba0a-9719-4833-b753-6fcb41883cd9/upsert, [1mhttp.route[0m: "/api/v2/tenants/{tenant}/databases/{database}/collections/{collection_id}/upsert", [1mhttp.version[0m: HTTP/1.1, [1mhttp.host[0m: 127.0.0.1:8000, [1mhttp.user_agent[0m: Chroma Python Client v1.5.9 (https://github.com/chroma-core/chroma), [1motel.name[0m: "POST /api/v2/tenants/{tenant}/databases/{database}/collections/{collection_id}/upsert"

  [2m2026-09-30T07:18:30.257738Z[0m [32m INFO[0m  [1;32mtenant_name[0m[32m: default_tenant, [1;32mdatabase_name[0m[32m: default_database, [1;32mcollection_id[0m[32m: 48e9ba0a-9719-4833-b753-6fcb41883cd9, [1;32mnum_ids[0m[32m: 16[0m
    [2;3mat[0m rust\frontend\src\server.rs:2323
    [2;3min[0m [1mcollection_upsert[0m
    [2;3min[0m [1mHTTP request[0m [2;3mwith[0m [1mhttp.method[0m: POST, [1mhttp.uri[0m: /api/v2/tenants/default_tenant/databases/default_database/collections/48e9ba0a-9719-4833-b753-6fcb41883cd9/upsert, [1mhttp.route[0m: "/api/v2/tenants/{tenant}/databases/{database}/collections/{collection_id}/upsert", [1mhttp.version[0m: HTTP/1.1, [1mhttp.host[0m: 127.0.0.1:8000, [1mhttp.user_agent[0m: Chroma Python Client v1.5.9 (https://github.com/chroma-core/chroma), [1motel.name[0m: "POST /api/v2/tenants/{tenant}/databases/{database}/collections/{collection_id}/upsert"

  [2m2026-09-30T07:18:30.257777Z[0m [32m INFO[0m  [32mCache miss for collection 48e9ba0a-9719-4833-b753-6fcb41883cd9[0m
    [2;3mat[0m rust\frontend\src\get_collection_with_segments_provider.rs:182
    [2;3min[0m [1mcollection_upsert[0m
    [2;3min[0m [1mHTTP request[0m [2;3mwith[0m [1mhttp.method[0m: POST, [1mhttp.uri[0m: /api/v2/tenants/default_tenant/databases/default_database/collections/48e9ba0a-9719-4833-b753-6fcb41883cd9/upsert, [1mhttp.route[0m: "/api/v2/tenants/{tenant}/databases/{database}/collections/{collection_id}/upsert", [1mhttp.version[0m: HTTP/1.1, [1mhttp.host[0m: 127.0.0.1:8000, [1mhttp.user_agent[0m: Chroma Python Client v1.5.9 (https://github.com/chroma-core/chroma), [1motel.name[0m: "POST /api/v2/tenants/{tenant}/databases/{database}/collections/{collection_id}/upsert"

  [2m2026-09-30T07:18:31.704063Z[0m [32m INFO[0m  [32mCache miss for collection 48e9ba0a-9719-4833-b753-6fcb41883cd9[0m
    [2;3mat[0m rust\frontend\src\get_collection_with_segments_provider.rs:182
    [2;3min[0m [1mcollection_upsert[0m
    [2;3min[0m [1mHTTP request[0m [2;3mwith[0m [1mhttp.method[0m: POST, [1mhttp.uri[0m: /api/v2/tenants/default_tenant/databases/default_database/collections/48e9ba0a-9719-4833-b753-6fcb41883cd9/upsert, [1mhttp.route[0m: "/api/v2/tenants/{tenant}/databases/{database}/collections/{collection_id}/upsert", [1mhttp.version[0m: HTTP/1.1, [1mhttp.host[0m: 127.0.0.1:8000, [1mhttp.user_agent[0m: Chroma Python Client v1.5.9 (https://github.com/chroma-core/chroma), [1motel.name[0m: "POST /api/v2/tenants/{tenant}/databases/{database}/collections/{collection_id}/upsert"

  [2m2026-09-30T07:18:31.704925Z[0m [32m INFO[0m  [1;32mtenant_name[0m[32m: default_tenant, [1;32mdatabase_name[0m[32m: default_database, [1;32mcollection_id[0m[32m: 48e9ba0a-9719-4833-b753-6fcb41883cd9, [1;32mnum_ids[0m[32m: 16[0m
    [2;3mat[0m rust\frontend\src\server.rs:2323
    [2;3min[0m [1mcollection_upsert[0m
    [2;3min[0m [1mHTTP request[0m [2;3mwith[0m [1mhttp.method[0m: POST, [1mhttp.uri[0m: /api/v2/tenants/default_tenant/databases/default_database/collections/48e9ba0a-9719-4833-b753-6fcb41883cd9/upsert, [1mhttp.route[0m: "/api/v2/tenants/{tenant}/databases/{database}/collections/{collection_id}/upsert", [1mhttp.version[0m: HTTP/1.1, [1mhttp.host[0m: 127.0.0.1:8000, [1mhttp.user_agent[0m: Chroma Python Client v1.5.9 (https://github.com/chroma-core/chroma), [1motel.name[0m: "POST /api/v2/tenants/{tenant}/databases/{database}/collections/{collection_id}/upsert"

  [2m2026-09-30T07:18:31.705001Z[0m [32m INFO[0m  [32mCache miss for collection 48e9ba0a-9719-4833-b753-6fcb41883cd9[0m
    [2;3mat[0m rust\frontend\src\get_collection_with_segments_provider.rs:182
    [2;3min[0m [1mcollection_upsert[0m
    [2;3min[0m [1mHTTP request[0m [2;3mwith[0m [1mhttp.method[0m: POST, [1mhttp.uri[0m: /api/v2/tenants/default_tenant/databases/default_database/collections/48e9ba0a-9719-4833-b753-6fcb41883cd9/upsert, [1mhttp.route[0m: "/api/v2/tenants/{tenant}/databases/{database}/collections/{collection_id}/upsert", [1mhttp.version[0m: HTTP/1.1, [1mhttp.host[0m: 127.0.0.1:8000, [1mhttp.user_agent[0m: Chroma Python Client v1.5.9 (https://github.com/chroma-core/chroma), [1motel.name[0m: "POST /api/v2/tenants/{tenant}/databases/{database}/collections/{collection_id}/upsert"

  [2m2026-09-30T07:18:33.592256Z[0m [32m INFO[0m  [32mCache miss for collection 48e9ba0a-9719-4833-b753-6fcb41883cd9[0m
    [2;3mat[0m rust\frontend\src\get_collection_with_segments_provider.rs:182
    [2;3min[0m [1mcollection_upsert[0m
    [2;3min[0m [1mHTTP request[0m [2;3mwith[0m [1mhttp.method[0m: POST, [1mhttp.uri[0m: /api/v2/tenants/default_tenant/databases/default_database/collections/48e9ba0a-9719-4833-b753-6fcb41883cd9/upsert, [1mhttp.route[0m: "/api/v2/tenants/{tenant}/databases/{database}/collections/{collection_id}/upsert", [1mhttp.version[0m: HTTP/1.1, [1mhttp.host[0m: 127.0.0.1:8000, [1mhttp.user_agent[0m: Chroma Python Client v1.5.9 (https://github.com/chroma-core/chroma), [1motel.name[0m: "POST /api/v2/tenants/{tenant}/databases/{database}/collections/{collection_id}/upsert"

  [2m2026-09-30T07:18:33.593401Z[0m [32m INFO[0m  [1;32mtenant_name[0m[32m: default_tenant, [1;32mdatabase_name[0m[32m: default_database, [1;32mcollection_id[0m[32m: 48e9ba0a-9719-4833-b753-6fcb41883cd9, [1;32mnum_ids[0m[32m: 16[0m
    [2;3mat[0m rust\frontend\src\server.rs:2323
    [2;3min[0m [1mcollection_upsert[0m
    [2;3min[0m [1mHTTP request[0m [2;3mwith[0m [1mhttp.method[0m: POST, [1mhttp.uri[0m: /api/v2/tenants/default_tenant/databases/default_database/collections/48e9ba0a-9719-4833-b753-6fcb41883cd9/upsert, [1mhttp.route[0m: "/api/v2/tenants/{tenant}/databases/{database}/collections/{collection_id}/upsert", [1mhttp.version[0m: HTTP/1.1, [1mhttp.host[0m: 127.0.0.1:8000, [1mhttp.user_agent[0m: Chroma Python Client v1.5.9 (https://github.com/chroma-core/chroma), [1motel.name[0m: "POST /api/v2/tenants/{tenant}/databases/{database}/collections/{collection_id}/upsert"

  [2m2026-09-30T07:18:33.593479Z[0m [32m INFO[0m  [32mCache miss for collection 48e9ba0a-9719-4833-b753-6fcb41883cd9[0m
    [2;3mat[0m rust\frontend\src\get_collection_with_segments_provider.rs:182
    [2;3min[0m [1mcollection_upsert[0m
    [2;3min[0m [1mHTTP request[0m [2;3mwith[0m [1mhttp.method[0m: POST, [1mhttp.uri[0m: /api/v2/tenants/default_tenant/databases/default_database/collections/48e9ba0a-9719-4833-b753-6fcb41883cd9/upsert, [1mhttp.route[0m: "/api/v2/tenants/{tenant}/databases/{database}/collections/{collection_id}/upsert", [1mhttp.version[0m: HTTP/1.1, [1mhttp.host[0m: 127.0.0.1:8000, [1mhttp.user_agent[0m: Chroma Python Client v1.5.9 (https://github.com/chroma-core/chroma), [1motel.name[0m: "POST /api/v2/tenants/{tenant}/databases/{database}/collections/{collection_id}/upsert"

  [2m2026-09-30T07:18:35.215581Z[0m [32m INFO[0m  [32mCache miss for collection 48e9ba0a-9719-4833-b753-6fcb41883cd9[0m
    [2;3mat[0m rust\frontend\src\get_collection_with_segments_provider.rs:182
    [2;3min[0m [1mcollection_upsert[0m
    [2;3min[0m [1mHTTP request[0m [2;3mwith[0m [1mhttp.method[0m: POST, [1mhttp.uri[0m: /api/v2/tenants/default_tenant/databases/default_database/collections/48e9ba0a-9719-4833-b753-6fcb41883cd9/upsert, [1mhttp.route[0m: "/api/v2/tenants/{tenant}/databases/{database}/collections/{collection_id}/upsert", [1mhttp.version[0m: HTTP/1.1, [1mhttp.host[0m: 127.0.0.1:8000, [1mhttp.user_agent[0m: Chroma Python Client v1.5.9 (https://github.com/chroma-core/chroma), [1motel.name[0m: "POST /api/v2/tenants/{tenant}/databases/{database}/collections/{collection_id}/upsert"

  [2m2026-09-30T07:18:35.216433Z[0m [32m INFO[0m  [1;32mtenant_name[0m[32m: default_tenant, [1;32mdatabase_name[0m[32m: default_database, [1;32mcollection_id[0m[32m: 48e9ba0a-9719-4833-b753-6fcb41883cd9, [1;32mnum_ids[0m[32m: 16[0m
    [2;3mat[0m rust\frontend\src\server.rs:2323
    [2;3min[0m [1mcollection_upsert[0m
    [2;3min[0m [1mHTTP request[0m [2;3mwith[0m [1mhttp.method[0m: POST, [1mhttp.uri[0m: /api/v2/tenants/default_tenant/databases/default_database/collections/48e9ba0a-9719-4833-b753-6fcb41883cd9/upsert, [1mhttp.route[0m: "/api/v2/tenants/{tenant}/databases/{database}/collections/{collection_id}/upsert", [1mhttp.version[0m: HTTP/1.1, [1mhttp.host[0m: 127.0.0.1:8000, [1mhttp.user_agent[0m: Chroma Python Client v1.5.9 (https://github.com/chroma-core/chroma), [1motel.name[0m: "POST /api/v2/tenants/{tenant}/databases/{database}/collections/{collection_id}/upsert"

  [2m2026-09-30T07:18:35.216472Z[0m [32m INFO[0m  [32mCache miss for collection 48e9ba0a-9719-4833-b753-6fcb41883cd9[0m
    [2;3mat[0m rust\frontend\src\get_collection_with_segments_provider.rs:182
    [2;3min[0m [1mcollection_upsert[0m
    [2;3min[0m [1mHTTP request[0m [2;3mwith[0m [1mhttp.method[0m: POST, [1mhttp.uri[0m: /api/v2/tenants/default_tenant/databases/default_database/collections/48e9ba0a-9719-4833-b753-6fcb41883cd9/upsert, [1mhttp.route[0m: "/api/v2/tenants/{tenant}/databases/{database}/collections/{collection_id}/upsert", [1mhttp.version[0m: HTTP/1.1, [1mhttp.host[0m: 127.0.0.1:8000, [1mhttp.user_agent[0m: Chroma Python Client v1.5.9 (https://github.com/chroma-core/chroma), [1motel.name[0m: "POST /api/v2/tenants/{tenant}/databases/{database}/collections/{collection_id}/upsert"

  [2m2026-09-30T07:18:36.665447Z[0m [32m INFO[0m  [32mCache miss for collection 48e9ba0a-9719-4833-b753-6fcb41883cd9[0m
    [2;3mat[0m rust\frontend\src\get_collection_with_segments_provider.rs:182
    [2;3min[0m [1mcollection_upsert[0m
    [2;3min[0m [1mHTTP request[0m [2;3mwith[0m [1mhttp.method[0m: POST, [1mhttp.uri[0m: /api/v2/tenants/default_tenant/databases/default_database/collections/48e9ba0a-9719-4833-b753-6fcb41883cd9/upsert, [1mhttp.route[0m: "/api/v2/tenants/{tenant}/databases/{database}/collections/{collection_id}/upsert", [1mhttp.version[0m: HTTP/1.1, [1mhttp.host[0m: 127.0.0.1:8000, [1mhttp.user_agent[0m: Chroma Python Client v1.5.9 (https://github.com/chroma-core/chroma), [1motel.name[0m: "POST /api/v2/tenants/{tenant}/databases/{database}/collections/{collection_id}/upsert"

  [2m2026-09-30T07:18:36.666279Z[0m [32m INFO[0m  [1;32mtenant_name[0m[32m: default_tenant, [1;32mdatabase_name[0m[32m: default_database, [1;32mcollection_id[0m[32m: 48e9ba0a-9719-4833-b753-6fcb41883cd9, [1;32mnum_ids[0m[32m: 16[0m
    [2;3mat[0m rust\frontend\src\server.rs:2323
    [2;3min[0m [1mcollection_upsert[0m
    [2;3min[0m [1mHTTP request[0m [2;3mwith[0m [1mhttp.method[0m: POST, [1mhttp.uri[0m: /api/v2/tenants/default_tenant/databases/default_database/collections/48e9ba0a-9719-4833-b753-6fcb41883cd9/upsert, [1mhttp.route[0m: "/api/v2/tenants/{tenant}/databases/{database}/collections/{collection_id}/upsert", [1mhttp.version[0m: HTTP/1.1, [1mhttp.host[0m: 127.0.0.1:8000, [1mhttp.user_agent[0m: Chroma Python Client v1.5.9 (https://github.com/chroma-core/chroma), [1motel.name[0m: "POST /api/v2/tenants/{tenant}/databases/{database}/collections/{collection_id}/upsert"

  [2m2026-09-30T07:18:36.666325Z[0m [32m INFO[0m  [32mCache miss for collection 48e9ba0a-9719-4833-b753-6fcb41883cd9[0m
    [2;3mat[0m rust\frontend\src\get_collection_with_segments_provider.rs:182
    [2;3min[0m [1mcollection_upsert[0m
    [2;3min[0m [1mHTTP request[0m [2;3mwith[0m [1mhttp.method[0m: POST, [1mhttp.uri[0m: /api/v2/tenants/default_tenant/databases/default_database/collections/48e9ba0a-9719-4833-b753-6fcb41883cd9/upsert, [1mhttp.route[0m: "/api/v2/tenants/{tenant}/databases/{database}/collections/{collection_id}/upsert", [1mhttp.version[0m: HTTP/1.1, [1mhttp.host[0m: 127.0.0.1:8000, [1mhttp.user_agent[0m: Chroma Python Client v1.5.9 (https://github.com/chroma-core/chroma), [1motel.name[0m: "POST /api/v2/tenants/{tenant}/databases/{database}/collections/{collection_id}/upsert"

  [2m2026-09-30T07:18:38.082078Z[0m [32m INFO[0m  [32mCache miss for collection 48e9ba0a-9719-4833-b753-6fcb41883cd9[0m
    [2;3mat[0m rust\frontend\src\get_collection_with_segments_provider.rs:182
    [2;3min[0m [1mcollection_upsert[0m
    [2;3min[0m [1mHTTP request[0m [2;3mwith[0m [1mhttp.method[0m: POST, [1mhttp.uri[0m: /api/v2/tenants/default_tenant/databases/default_database/collections/48e9ba0a-9719-4833-b753-6fcb41883cd9/upsert, [1mhttp.route[0m: "/api/v2/tenants/{tenant}/databases/{database}/collections/{collection_id}/upsert", [1mhttp.version[0m: HTTP/1.1, [1mhttp.host[0m: 127.0.0.1:8000, [1mhttp.user_agent[0m: Chroma Python Client v1.5.9 (https://github.com/chroma-core/chroma), [1motel.name[0m: "POST /api/v2/tenants/{tenant}/databases/{database}/collections/{collection_id}/upsert"

  [2m2026-09-30T07:18:38.083069Z[0m [32m INFO[0m  [1;32mtenant_name[0m[32m: default_tenant, [1;32mdatabase_name[0m[32m: default_database, [1;32mcollection_id[0m[32m: 48e9ba0a-9719-4833-b753-6fcb41883cd9, [1;32mnum_ids[0m[32m: 16[0m
    [2;3mat[0m rust\frontend\src\server.rs:2323
    [2;3min[0m [1mcollection_upsert[0m
    [2;3min[0m [1mHTTP request[0m [2;3mwith[0m [1mhttp.method[0m: POST, [1mhttp.uri[0m: /api/v2/tenants/default_tenant/databases/default_database/collections/48e9ba0a-9719-4833-b753-6fcb41883cd9/upsert, [1mhttp.route[0m: "/api/v2/tenants/{tenant}/databases/{database}/collections/{collection_id}/upsert", [1mhttp.version[0m: HTTP/1.1, [1mhttp.host[0m: 127.0.0.1:8000, [1mhttp.user_agent[0m: Chroma Python Client v1.5.9 (https://github.com/chroma-core/chroma), [1motel.name[0m: "POST /api/v2/tenants/{tenant}/databases/{database}/collections/{collection_id}/upsert"

  [2m2026-09-30T07:18:38.083115Z[0m [32m INFO[0m  [32mCache miss for collection 48e9ba0a-9719-4833-b753-6fcb41883cd9[0m
    [2;3mat[0m rust\frontend\src\get_collection_with_segments_provider.rs:182
    [2;3min[0m [1mcollection_upsert[0m
    [2;3min[0m [1mHTTP request[0m [2;3mwith[0m [1mhttp.method[0m: POST, [1mhttp.uri[0m: /api/v2/tenants/default_tenant/databases/default_database/collections/48e9ba0a-9719-4833-b753-6fcb41883cd9/upsert, [1mhttp.route[0m: "/api/v2/tenants/{tenant}/databases/{database}/collections/{collection_id}/upsert", [1mhttp.version[0m: HTTP/1.1, [1mhttp.host[0m: 127.0.0.1:8000, [1mhttp.user_agent[0m: Chroma Python Client v1.5.9 (https://github.com/chroma-core/chroma), [1motel.name[0m: "POST /api/v2/tenants/{tenant}/databases/{database}/collections/{collection_id}/upsert"

  [2m2026-09-30T07:18:39.900023Z[0m [32m INFO[0m  [32mCache miss for collection 48e9ba0a-9719-4833-b753-6fcb41883cd9[0m
    [2;3mat[0m rust\frontend\src\get_collection_with_segments_provider.rs:182
    [2;3min[0m [1mcollection_upsert[0m
    [2;3min[0m [1mHTTP request[0m [2;3mwith[0m [1mhttp.method[0m: POST, [1mhttp.uri[0m: /api/v2/tenants/default_tenant/databases/default_database/collections/48e9ba0a-9719-4833-b753-6fcb41883cd9/upsert, [1mhttp.route[0m: "/api/v2/tenants/{tenant}/databases/{database}/collections/{collection_id}/upsert", [1mhttp.version[0m: HTTP/1.1, [1mhttp.host[0m: 127.0.0.1:8000, [1mhttp.user_agent[0m: Chroma Python Client v1.5.9 (https://github.com/chroma-core/chroma), [1motel.name[0m: "POST /api/v2/tenants/{tenant}/databases/{database}/collections/{collection_id}/upsert"

  [2m2026-09-30T07:18:39.901382Z[0m [32m INFO[0m  [1;32mtenant_name[0m[32m: default_tenant, [1;32mdatabase_name[0m[32m: default_database, [1;32mcollection_id[0m[32m: 48e9ba0a-9719-4833-b753-6fcb41883cd9, [1;32mnum_ids[0m[32m: 16[0m
    [2;3mat[0m rust\frontend\src\server.rs:2323
    [2;3min[0m [1mcollection_upsert[0m
    [2;3min[0m [1mHTTP request[0m [2;3mwith[0m [1mhttp.method[0m: POST, [1mhttp.uri[0m: /api/v2/tenants/default_tenant/databases/default_database/collections/48e9ba0a-9719-4833-b753-6fcb41883cd9/upsert, [1mhttp.route[0m: "/api/v2/tenants/{tenant}/databases/{database}/collections/{collection_id}/upsert", [1mhttp.version[0m: HTTP/1.1, [1mhttp.host[0m: 127.0.0.1:8000, [1mhttp.user_agent[0m: Chroma Python Client v1.5.9 (https://github.com/chroma-core/chroma), [1motel.name[0m: "POST /api/v2/tenants/{tenant}/databases/{database}/collections/{collection_id}/upsert"

  [2m2026-09-30T07:18:39.901500Z[0m [32m INFO[0m  [32mCache miss for collection 48e9ba0a-9719-4833-b753-6fcb41883cd9[0m
    [2;3mat[0m rust\frontend\src\get_collection_with_segments_provider.rs:182
    [2;3min[0m [1mcollection_upsert[0m
    [2;3min[0m [1mHTTP request[0m [2;3mwith[0m [1mhttp.method[0m: POST, [1mhttp.uri[0m: /api/v2/tenants/default_tenant/databases/default_database/collections/48e9ba0a-9719-4833-b753-6fcb41883cd9/upsert, [1mhttp.route[0m: "/api/v2/tenants/{tenant}/databases/{database}/collections/{collection_id}/upsert", [1mhttp.version[0m: HTTP/1.1, [1mhttp.host[0m: 127.0.0.1:8000, [1mhttp.user_agent[0m: Chroma Python Client v1.5.9 (https://github.com/chroma-core/chroma), [1motel.name[0m: "POST /api/v2/tenants/{tenant}/databases/{database}/collections/{collection_id}/upsert"

  [2m2026-09-30T07:18:41.334105Z[0m [32m INFO[0m  [32mCache miss for collection 48e9ba0a-9719-4833-b753-6fcb41883cd9[0m
    [2;3mat[0m rust\frontend\src\get_collection_with_segments_provider.rs:182
    [2;3min[0m [1mcollection_upsert[0m
    [2;3min[0m [1mHTTP request[0m [2;3mwith[0m [1mhttp.method[0m: POST, [1mhttp.uri[0m: /api/v2/tenants/default_tenant/databases/default_database/collections/48e9ba0a-9719-4833-b753-6fcb41883cd9/upsert, [1mhttp.route[0m: "/api/v2/tenants/{tenant}/databases/{database}/collections/{collection_id}/upsert", [1mhttp.version[0m: HTTP/1.1, [1mhttp.host[0m: 127.0.0.1:8000, [1mhttp.user_agent[0m: Chroma Python Client v1.5.9 (https://github.com/chroma-core/chroma), [1motel.name[0m: "POST /api/v2/tenants/{tenant}/databases/{database}/collections/{collection_id}/upsert"

  [2m2026-09-30T07:18:41.335099Z[0m [32m INFO[0m  [1;32mtenant_name[0m[32m: default_tenant, [1;32mdatabase_name[0m[32m: default_database, [1;32mcollection_id[0m[32m: 48e9ba0a-9719-4833-b753-6fcb41883cd9, [1;32mnum_ids[0m[32m: 16[0m
    [2;3mat[0m rust\frontend\src\server.rs:2323
    [2;3min[0m [1mcollection_upsert[0m
    [2;3min[0m [1mHTTP request[0m [2;3mwith[0m [1mhttp.method[0m: POST, [1mhttp.uri[0m: /api/v2/tenants/default_tenant/databases/default_database/collections/48e9ba0a-9719-4833-b753-6fcb41883cd9/upsert, [1mhttp.route[0m: "/api/v2/tenants/{tenant}/databases/{database}/collections/{collection_id}/upsert", [1mhttp.version[0m: HTTP/1.1, [1mhttp.host[0m: 127.0.0.1:8000, [1mhttp.user_agent[0m: Chroma Python Client v1.5.9 (https://github.com/chroma-core/chroma), [1motel.name[0m: "POST /api/v2/tenants/{tenant}/databases/{database}/collections/{collection_id}/upsert"

  [2m2026-09-30T07:18:41.335171Z[0m [32m INFO[0m  [32mCache miss for collection 48e9ba0a-9719-4833-b753-6fcb41883cd9[0m
    [2;3mat[0m rust\frontend\src\get_collection_with_segments_provider.rs:182
    [2;3min[0m [1mcollection_upsert[0m
    [2;3min[0m [1mHTTP request[0m [2;3mwith[0m [1mhttp.method[0m: POST, [1mhttp.uri[0m: /api/v2/tenants/default_tenant/databases/default_database/collections/48e9ba0a-9719-4833-b753-6fcb41883cd9/upsert, [1mhttp.route[0m: "/api/v2/tenants/{tenant}/databases/{database}/collections/{collection_id}/upsert", [1mhttp.version[0m: HTTP/1.1, [1mhttp.host[0m: 127.0.0.1:8000, [1mhttp.user_agent[0m: Chroma Python Client v1.5.9 (https://github.com/chroma-core/chroma), [1motel.name[0m: "POST /api/v2/tenants/{tenant}/databases/{database}/collections/{collection_id}/upsert"

  [2m2026-09-30T07:18:43.173674Z[0m [32m INFO[0m  [32mCache miss for collection 48e9ba0a-9719-4833-b753-6fcb41883cd9[0m
    [2;3mat[0m rust\frontend\src\get_collection_with_segments_provider.rs:182
    [2;3min[0m [1mcollection_upsert[0m
    [2;3min[0m [1mHTTP request[0m [2;3mwith[0m [1mhttp.method[0m: POST, [1mhttp.uri[0m: /api/v2/tenants/default_tenant/databases/default_database/collections/48e9ba0a-9719-4833-b753-6fcb41883cd9/upsert, [1mhttp.route[0m: "/api/v2/tenants/{tenant}/databases/{database}/collections/{collection_id}/upsert", [1mhttp.version[0m: HTTP/1.1, [1mhttp.host[0m: 127.0.0.1:8000, [1mhttp.user_agent[0m: Chroma Python Client v1.5.9 (https://github.com/chroma-core/chroma), [1motel.name[0m: "POST /api/v2/tenants/{tenant}/databases/{database}/collections/{collection_id}/upsert"

  [2m2026-09-30T07:18:43.174596Z[0m [32m INFO[0m  [1;32mtenant_name[0m[32m: default_tenant, [1;32mdatabase_name[0m[32m: default_database, [1;32mcollection_id[0m[32m: 48e9ba0a-9719-4833-b753-6fcb41883cd9, [1;32mnum_ids[0m[32m: 16[0m
    [2;3mat[0m rust\frontend\src\server.rs:2323
    [2;3min[0m [1mcollection_upsert[0m
    [2;3min[0m [1mHTTP request[0m [2;3mwith[0m [1mhttp.method[0m: POST, [1mhttp.uri[0m: /api/v2/tenants/default_tenant/databases/default_database/collections/48e9ba0a-9719-4833-b753-6fcb41883cd9/upsert, [1mhttp.route[0m: "/api/v2/tenants/{tenant}/databases/{database}/collections/{collection_id}/upsert", [1mhttp.version[0m: HTTP/1.1, [1mhttp.host[0m: 127.0.0.1:8000, [1mhttp.user_agent[0m: Chroma Python Client v1.5.9 (https://github.com/chroma-core/chroma), [1motel.name[0m: "POST /api/v2/tenants/{tenant}/databases/{database}/collections/{collection_id}/upsert"

  [2m2026-09-30T07:18:43.174659Z[0m [32m INFO[0m  [32mCache miss for collection 48e9ba0a-9719-4833-b753-6fcb41883cd9[0m
    [2;3mat[0m rust\frontend\src\get_collection_with_segments_provider.rs:182
    [2;3min[0m [1mcollection_upsert[0m
    [2;3min[0m [1mHTTP request[0m [2;3mwith[0m [1mhttp.method[0m: POST, [1mhttp.uri[0m: /api/v2/tenants/default_tenant/databases/default_database/collections/48e9ba0a-9719-4833-b753-6fcb41883cd9/upsert, [1mhttp.route[0m: "/api/v2/tenants/{tenant}/databases/{database}/collections/{collection_id}/upsert", [1mhttp.version[0m: HTTP/1.1, [1mhttp.host[0m: 127.0.0.1:8000, [1mhttp.user_agent[0m: Chroma Python Client v1.5.9 (https://github.com/chroma-core/chroma), [1motel.name[0m: "POST /api/v2/tenants/{tenant}/databases/{database}/collections/{collection_id}/upsert"

  [2m2026-09-30T07:18:44.883177Z[0m [32m INFO[0m  [32mCache miss for collection 48e9ba0a-9719-4833-b753-6fcb41883cd9[0m
    [2;3mat[0m rust\frontend\src\get_collection_with_segments_provider.rs:182
    [2;3min[0m [1mcollection_upsert[0m
    [2;3min[0m [1mHTTP request[0m [2;3mwith[0m [1mhttp.method[0m: POST, [1mhttp.uri[0m: /api/v2/tenants/default_tenant/databases/default_database/collections/48e9ba0a-9719-4833-b753-6fcb41883cd9/upsert, [1mhttp.route[0m: "/api/v2/tenants/{tenant}/databases/{database}/collections/{collection_id}/upsert", [1mhttp.version[0m: HTTP/1.1, [1mhttp.host[0m: 127.0.0.1:8000, [1mhttp.user_agent[0m: Chroma Python Client v1.5.9 (https://github.com/chroma-core/chroma), [1motel.name[0m: "POST /api/v2/tenants/{tenant}/databases/{database}/collections/{collection_id}/upsert"

  [2m2026-09-30T07:18:44.884083Z[0m [32m INFO[0m  [1;32mtenant_name[0m[32m: default_tenant, [1;32mdatabase_name[0m[32m: default_database, [1;32mcollection_id[0m[32m: 48e9ba0a-9719-4833-b753-6fcb41883cd9, [1;32mnum_ids[0m[32m: 16[0m
    [2;3mat[0m rust\frontend\src\server.rs:2323
    [2;3min[0m [1mcollection_upsert[0m
    [2;3min[0m [1mHTTP request[0m [2;3mwith[0m [1mhttp.method[0m: POST, [1mhttp.uri[0m: /api/v2/tenants/default_tenant/databases/default_database/collections/48e9ba0a-9719-4833-b753-6fcb41883cd9/upsert, [1mhttp.route[0m: "/api/v2/tenants/{tenant}/databases/{database}/collections/{collection_id}/upsert", [1mhttp.version[0m: HTTP/1.1, [1mhttp.host[0m: 127.0.0.1:8000, [1mhttp.user_agent[0m: Chroma Python Client v1.5.9 (https://github.com/chroma-core/chroma), [1motel.name[0m: "POST /api/v2/tenants/{tenant}/databases/{database}/collections/{collection_id}/upsert"

  [2m2026-09-30T07:18:44.884134Z[0m [32m INFO[0m  [32mCache miss for collection 48e9ba0a-9719-4833-b753-6fcb41883cd9[0m
    [2;3mat[0m rust\frontend\src\get_collection_with_segments_provider.rs:182
    [2;3min[0m [1mcollection_upsert[0m
    [2;3min[0m [1mHTTP request[0m [2;3mwith[0m [1mhttp.method[0m: POST, [1mhttp.uri[0m: /api/v2/tenants/default_tenant/databases/default_database/collections/48e9ba0a-9719-4833-b753-6fcb41883cd9/upsert, [1mhttp.route[0m: "/api/v2/tenants/{tenant}/databases/{database}/collections/{collection_id}/upsert", [1mhttp.version[0m: HTTP/1.1, [1mhttp.host[0m: 127.0.0.1:8000, [1mhttp.user_agent[0m: Chroma Python Client v1.5.9 (https://github.com/chroma-core/chroma), [1motel.name[0m: "POST /api/v2/tenants/{tenant}/databases/{database}/collections/{collection_id}/upsert"

  [2m2026-09-30T07:18:46.547820Z[0m [32m INFO[0m  [32mCache miss for collection 48e9ba0a-9719-4833-b753-6fcb41883cd9[0m
    [2;3mat[0m rust\frontend\src\get_collection_with_segments_provider.rs:182
    [2;3min[0m [1mcollection_upsert[0m
    [2;3min[0m [1mHTTP request[0m [2;3mwith[0m [1mhttp.method[0m: POST, [1mhttp.uri[0m: /api/v2/tenants/default_tenant/databases/default_database/collections/48e9ba0a-9719-4833-b753-6fcb41883cd9/upsert, [1mhttp.route[0m: "/api/v2/tenants/{tenant}/databases/{database}/collections/{collection_id}/upsert", [1mhttp.version[0m: HTTP/1.1, [1mhttp.host[0m: 127.0.0.1:8000, [1mhttp.user_agent[0m: Chroma Python Client v1.5.9 (https://github.com/chroma-core/chroma), [1motel.name[0m: "POST /api/v2/tenants/{tenant}/databases/{database}/collections/{collection_id}/upsert"

  [2m2026-09-30T07:18:46.548809Z[0m [32m INFO[0m  [1;32mtenant_name[0m[32m: default_tenant, [1;32mdatabase_name[0m[32m: default_database, [1;32mcollection_id[0m[32m: 48e9ba0a-9719-4833-b753-6fcb41883cd9, [1;32mnum_ids[0m[32m: 16[0m
    [2;3mat[0m rust\frontend\src\server.rs:2323
    [2;3min[0m [1mcollection_upsert[0m
    [2;3min[0m [1mHTTP request[0m [2;3mwith[0m [1mhttp.method[0m: POST, [1mhttp.uri[0m: /api/v2/tenants/default_tenant/databases/default_database/collections/48e9ba0a-9719-4833-b753-6fcb41883cd9/upsert, [1mhttp.route[0m: "/api/v2/tenants/{tenant}/databases/{database}/collections/{collection_id}/upsert", [1mhttp.version[0m: HTTP/1.1, [1mhttp.host[0m: 127.0.0.1:8000, [1mhttp.user_agent[0m: Chroma Python Client v1.5.9 (https://github.com/chroma-core/chroma), [1motel.name[0m: "POST /api/v2/tenants/{tenant}/databases/{database}/collections/{collection_id}/upsert"

  [2m2026-09-30T07:18:46.548855Z[0m [32m INFO[0m  [32mCache miss for collection 48e9ba0a-9719-4833-b753-6fcb41883cd9[0m
    [2;3mat[0m rust\frontend\src\get_collection_with_segments_provider.rs:182
    [2;3min[0m [1mcollection_upsert[0m
    [2;3min[0m [1mHTTP request[0m [2;3mwith[0m [1mhttp.method[0m: POST, [1mhttp.uri[0m: /api/v2/tenants/default_tenant/databases/default_database/collections/48e9ba0a-9719-4833-b753-6fcb41883cd9/upsert, [1mhttp.route[0m: "/api/v2/tenants/{tenant}/databases/{database}/collections/{collection_id}/upsert", [1mhttp.version[0m: HTTP/1.1, [1mhttp.host[0m: 127.0.0.1:8000, [1mhttp.user_agent[0m: Chroma Python Client v1.5.9 (https://github.com/chroma-core/chroma), [1motel.name[0m: "POST /api/v2/tenants/{tenant}/databases/{database}/collections/{collection_id}/upsert"

  [2m2026-09-30T07:18:48.081735Z[0m [32m INFO[0m  [32mCache miss for collection 48e9ba0a-9719-4833-b753-6fcb41883cd9[0m
    [2;3mat[0m rust\frontend\src\get_collection_with_segments_provider.rs:182
    [2;3min[0m [1mcollection_upsert[0m
    [2;3min[0m [1mHTTP request[0m [2;3mwith[0m [1mhttp.method[0m: POST, [1mhttp.uri[0m: /api/v2/tenants/default_tenant/databases/default_database/collections/48e9ba0a-9719-4833-b753-6fcb41883cd9/upsert, [1mhttp.route[0m: "/api/v2/tenants/{tenant}/databases/{database}/collections/{collection_id}/upsert", [1mhttp.version[0m: HTTP/1.1, [1mhttp.host[0m: 127.0.0.1:8000, [1mhttp.user_agent[0m: Chroma Python Client v1.5.9 (https://github.com/chroma-core/chroma), [1motel.name[0m: "POST /api/v2/tenants/{tenant}/databases/{database}/collections/{collection_id}/upsert"

  [2m2026-09-30T07:18:48.082746Z[0m [32m INFO[0m  [1;32mtenant_name[0m[32m: default_tenant, [1;32mdatabase_name[0m[32m: default_database, [1;32mcollection_id[0m[32m: 48e9ba0a-9719-4833-b753-6fcb41883cd9, [1;32mnum_ids[0m[32m: 16[0m
    [2;3mat[0m rust\frontend\src\server.rs:2323
    [2;3min[0m [1mcollection_upsert[0m
    [2;3min[0m [1mHTTP request[0m [2;3mwith[0m [1mhttp.method[0m: POST, [1mhttp.uri[0m: /api/v2/tenants/default_tenant/databases/default_database/collections/48e9ba0a-9719-4833-b753-6fcb41883cd9/upsert, [1mhttp.route[0m: "/api/v2/tenants/{tenant}/databases/{database}/collections/{collection_id}/upsert", [1mhttp.version[0m: HTTP/1.1, [1mhttp.host[0m: 127.0.0.1:8000, [1mhttp.user_agent[0m: Chroma Python Client v1.5.9 (https://github.com/chroma-core/chroma), [1motel.name[0m: "POST /api/v2/tenants/{tenant}/databases/{database}/collections/{collection_id}/upsert"

  [2m2026-09-30T07:18:48.082802Z[0m [32m INFO[0m  [32mCache miss for collection 48e9ba0a-9719-4833-b753-6fcb41883cd9[0m
    [2;3mat[0m rust\frontend\src\get_collection_with_segments_provider.rs:182
    [2;3min[0m [1mcollection_upsert[0m
    [2;3min[0m [1mHTTP request[0m [2;3mwith[0m [1mhttp.method[0m: POST, [1mhttp.uri[0m: /api/v2/tenants/default_tenant/databases/default_database/collections/48e9ba0a-9719-4833-b753-6fcb41883cd9/upsert, [1mhttp.route[0m: "/api/v2/tenants/{tenant}/databases/{database}/collections/{collection_id}/upsert", [1mhttp.version[0m: HTTP/1.1, [1mhttp.host[0m: 127.0.0.1:8000, [1mhttp.user_agent[0m: Chroma Python Client v1.5.9 (https://github.com/chroma-core/chroma), [1motel.name[0m: "POST /api/v2/tenants/{tenant}/databases/{database}/collections/{collection_id}/upsert"

  [2m2026-09-30T07:18:49.590421Z[0m [32m INFO[0m  [32mCache miss for collection 48e9ba0a-9719-4833-b753-6fcb41883cd9[0m
    [2;3mat[0m rust\frontend\src\get_collection_with_segments_provider.rs:182
    [2;3min[0m [1mcollection_upsert[0m
    [2;3min[0m [1mHTTP request[0m [2;3mwith[0m [1mhttp.method[0m: POST, [1mhttp.uri[0m: /api/v2/tenants/default_tenant/databases/default_database/collections/48e9ba0a-9719-4833-b753-6fcb41883cd9/upsert, [1mhttp.route[0m: "/api/v2/tenants/{tenant}/databases/{database}/collections/{collection_id}/upsert", [1mhttp.version[0m: HTTP/1.1, [1mhttp.host[0m: 127.0.0.1:8000, [1mhttp.user_agent[0m: Chroma Python Client v1.5.9 (https://github.com/chroma-core/chroma), [1motel.name[0m: "POST /api/v2/tenants/{tenant}/databases/{database}/collections/{collection_id}/upsert"

  [2m2026-09-30T07:18:49.591324Z[0m [32m INFO[0m  [1;32mtenant_name[0m[32m: default_tenant, [1;32mdatabase_name[0m[32m: default_database, [1;32mcollection_id[0m[32m: 48e9ba0a-9719-4833-b753-6fcb41883cd9, [1;32mnum_ids[0m[32m: 16[0m
    [2;3mat[0m rust\frontend\src\server.rs:2323
    [2;3min[0m [1mcollection_upsert[0m
    [2;3min[0m [1mHTTP request[0m [2;3mwith[0m [1mhttp.method[0m: POST, [1mhttp.uri[0m: /api/v2/tenants/default_tenant/databases/default_database/collections/48e9ba0a-9719-4833-b753-6fcb41883cd9/upsert, [1mhttp.route[0m: "/api/v2/tenants/{tenant}/databases/{database}/collections/{collection_id}/upsert", [1mhttp.version[0m: HTTP/1.1, [1mhttp.host[0m: 127.0.0.1:8000, [1mhttp.user_agent[0m: Chroma Python Client v1.5.9 (https://github.com/chroma-core/chroma), [1motel.name[0m: "POST /api/v2/tenants/{tenant}/databases/{database}/collections/{collection_id}/upsert"

  [2m2026-09-30T07:18:49.591367Z[0m [32m INFO[0m  [32mCache miss for collection 48e9ba0a-9719-4833-b753-6fcb41883cd9[0m
    [2;3mat[0m rust\frontend\src\get_collection_with_segments_provider.rs:182
    [2;3min[0m [1mcollection_upsert[0m
    [2;3min[0m [1mHTTP request[0m [2;3mwith[0m [1mhttp.method[0m: POST, [1mhttp.uri[0m: /api/v2/tenants/default_tenant/databases/default_database/collections/48e9ba0a-9719-4833-b753-6fcb41883cd9/upsert, [1mhttp.route[0m: "/api/v2/tenants/{tenant}/databases/{database}/collections/{collection_id}/upsert", [1mhttp.version[0m: HTTP/1.1, [1mhttp.host[0m: 127.0.0.1:8000, [1mhttp.user_agent[0m: Chroma Python Client v1.5.9 (https://github.com/chroma-core/chroma), [1motel.name[0m: "POST /api/v2/tenants/{tenant}/databases/{database}/collections/{collection_id}/upsert"

  [2m2026-09-30T07:18:51.265414Z[0m [32m INFO[0m  [32mCache miss for collection 48e9ba0a-9719-4833-b753-6fcb41883cd9[0m
    [2;3mat[0m rust\frontend\src\get_collection_with_segments_provider.rs:182
    [2;3min[0m [1mcollection_upsert[0m
    [2;3min[0m [1mHTTP request[0m [2;3mwith[0m [1mhttp.method[0m: POST, [1mhttp.uri[0m: /api/v2/tenants/default_tenant/databases/default_database/collections/48e9ba0a-9719-4833-b753-6fcb41883cd9/upsert, [1mhttp.route[0m: "/api/v2/tenants/{tenant}/databases/{database}/collections/{collection_id}/upsert", [1mhttp.version[0m: HTTP/1.1, [1mhttp.host[0m: 127.0.0.1:8000, [1mhttp.user_agent[0m: Chroma Python Client v1.5.9 (https://github.com/chroma-core/chroma), [1motel.name[0m: "POST /api/v2/tenants/{tenant}/databases/{database}/collections/{collection_id}/upsert"

  [2m2026-09-30T07:18:51.266349Z[0m [32m INFO[0m  [1;32mtenant_name[0m[32m: default_tenant, [1;32mdatabase_name[0m[32m: default_database, [1;32mcollection_id[0m[32m: 48e9ba0a-9719-4833-b753-6fcb41883cd9, [1;32mnum_ids[0m[32m: 16[0m
    [2;3mat[0m rust\frontend\src\server.rs:2323
    [2;3min[0m [1mcollection_upsert[0m
    [2;3min[0m [1mHTTP request[0m [2;3mwith[0m [1mhttp.method[0m: POST, [1mhttp.uri[0m: /api/v2/tenants/default_tenant/databases/default_database/collections/48e9ba0a-9719-4833-b753-6fcb41883cd9/upsert, [1mhttp.route[0m: "/api/v2/tenants/{tenant}/databases/{database}/collections/{collection_id}/upsert", [1mhttp.version[0m: HTTP/1.1, [1mhttp.host[0m: 127.0.0.1:8000, [1mhttp.user_agent[0m: Chroma Python Client v1.5.9 (https://github.com/chroma-core/chroma), [1motel.name[0m: "POST /api/v2/tenants/{tenant}/databases/{database}/collections/{collection_id}/upsert"

  [2m2026-09-30T07:18:51.266391Z[0m [32m INFO[0m  [32mCache miss for collection 48e9ba0a-9719-4833-b753-6fcb41883cd9[0m
    [2;3mat[0m rust\frontend\src\get_collection_with_segments_provider.rs:182
    [2;3min[0m [1mcollection_upsert[0m
    [2;3min[0m [1mHTTP request[0m [2;3mwith[0m [1mhttp.method[0m: POST, [1mhttp.uri[0m: /api/v2/tenants/default_tenant/databases/default_database/collections/48e9ba0a-9719-4833-b753-6fcb41883cd9/upsert, [1mhttp.route[0m: "/api/v2/tenants/{tenant}/databases/{database}/collections/{collection_id}/upsert", [1mhttp.version[0m: HTTP/1.1, [1mhttp.host[0m: 127.0.0.1:8000, [1mhttp.user_agent[0m: Chroma Python Client v1.5.9 (https://github.com/chroma-core/chroma), [1motel.name[0m: "POST /api/v2/tenants/{tenant}/databases/{database}/collections/{collection_id}/upsert"

  [2m2026-09-30T07:18:52.832919Z[0m [32m INFO[0m  [32mCache miss for collection 48e9ba0a-9719-4833-b753-6fcb41883cd9[0m
    [2;3mat[0m rust\frontend\src\get_collection_with_segments_provider.rs:182
    [2;3min[0m [1mcollection_upsert[0m
    [2;3min[0m [1mHTTP request[0m [2;3mwith[0m [1mhttp.method[0m: POST, [1mhttp.uri[0m: /api/v2/tenants/default_tenant/databases/default_database/collections/48e9ba0a-9719-4833-b753-6fcb41883cd9/upsert, [1mhttp.route[0m: "/api/v2/tenants/{tenant}/databases/{database}/collections/{collection_id}/upsert", [1mhttp.version[0m: HTTP/1.1, [1mhttp.host[0m: 127.0.0.1:8000, [1mhttp.user_agent[0m: Chroma Python Client v1.5.9 (https://github.com/chroma-core/chroma), [1motel.name[0m: "POST /api/v2/tenants/{tenant}/databases/{database}/collections/{collection_id}/upsert"

  [2m2026-09-30T07:18:52.833829Z[0m [32m INFO[0m  [1;32mtenant_name[0m[32m: default_tenant, [1;32mdatabase_name[0m[32m: default_database, [1;32mcollection_id[0m[32m: 48e9ba0a-9719-4833-b753-6fcb41883cd9, [1;32mnum_ids[0m[32m: 16[0m
    [2;3mat[0m rust\frontend\src\server.rs:2323
    [2;3min[0m [1mcollection_upsert[0m
    [2;3min[0m [1mHTTP request[0m [2;3mwith[0m [1mhttp.method[0m: POST, [1mhttp.uri[0m: /api/v2/tenants/default_tenant/databases/default_database/collections/48e9ba0a-9719-4833-b753-6fcb41883cd9/upsert, [1mhttp.route[0m: "/api/v2/tenants/{tenant}/databases/{database}/collections/{collection_id}/upsert", [1mhttp.version[0m: HTTP/1.1, [1mhttp.host[0m: 127.0.0.1:8000, [1mhttp.user_agent[0m: Chroma Python Client v1.5.9 (https://github.com/chroma-core/chroma), [1motel.name[0m: "POST /api/v2/tenants/{tenant}/databases/{database}/collections/{collection_id}/upsert"

  [2m2026-09-30T07:18:52.833897Z[0m [32m INFO[0m  [32mCache miss for collection 48e9ba0a-9719-4833-b753-6fcb41883cd9[0m
    [2;3mat[0m rust\frontend\src\get_collection_with_segments_provider.rs:182
    [2;3min[0m [1mcollection_upsert[0m
    [2;3min[0m [1mHTTP request[0m [2;3mwith[0m [1mhttp.method[0m: POST, [1mhttp.uri[0m: /api/v2/tenants/default_tenant/databases/default_database/collections/48e9ba0a-9719-4833-b753-6fcb41883cd9/upsert, [1mhttp.route[0m: "/api/v2/tenants/{tenant}/databases/{database}/collections/{collection_id}/upsert", [1mhttp.version[0m: HTTP/1.1, [1mhttp.host[0m: 127.0.0.1:8000, [1mhttp.user_agent[0m: Chroma Python Client v1.5.9 (https://github.com/chroma-core/chroma), [1motel.name[0m: "POST /api/v2/tenants/{tenant}/databases/{database}/collections/{collection_id}/upsert"

  [2m2026-09-30T07:18:54.556703Z[0m [32m INFO[0m  [32mCache miss for collection 48e9ba0a-9719-4833-b753-6fcb41883cd9[0m
    [2;3mat[0m rust\frontend\src\get_collection_with_segments_provider.rs:182
    [2;3min[0m [1mcollection_upsert[0m
    [2;3min[0m [1mHTTP request[0m [2;3mwith[0m [1mhttp.method[0m: POST, [1mhttp.uri[0m: /api/v2/tenants/default_tenant/databases/default_database/collections/48e9ba0a-9719-4833-b753-6fcb41883cd9/upsert, [1mhttp.route[0m: "/api/v2/tenants/{tenant}/databases/{database}/collections/{collection_id}/upsert", [1mhttp.version[0m: HTTP/1.1, [1mhttp.host[0m: 127.0.0.1:8000, [1mhttp.user_agent[0m: Chroma Python Client v1.5.9 (https://github.com/chroma-core/chroma), [1motel.name[0m: "POST /api/v2/tenants/{tenant}/databases/{database}/collections/{collection_id}/upsert"

  [2m2026-09-30T07:18:54.557653Z[0m [32m INFO[0m  [1;32mtenant_name[0m[32m: default_tenant, [1;32mdatabase_name[0m[32m: default_database, [1;32mcollection_id[0m[32m: 48e9ba0a-9719-4833-b753-6fcb41883cd9, [1;32mnum_ids[0m[32m: 16[0m
    [2;3mat[0m rust\frontend\src\server.rs:2323
    [2;3min[0m [1mcollection_upsert[0m
    [2;3min[0m [1mHTTP request[0m [2;3mwith[0m [1mhttp.method[0m: POST, [1mhttp.uri[0m: /api/v2/tenants/default_tenant/databases/default_database/collections/48e9ba0a-9719-4833-b753-6fcb41883cd9/upsert, [1mhttp.route[0m: "/api/v2/tenants/{tenant}/databases/{database}/collections/{collection_id}/upsert", [1mhttp.version[0m: HTTP/1.1, [1mhttp.host[0m: 127.0.0.1:8000, [1mhttp.user_agent[0m: Chroma Python Client v1.5.9 (https://github.com/chroma-core/chroma), [1motel.name[0m: "POST /api/v2/tenants/{tenant}/databases/{database}/collections/{collection_id}/upsert"

  [2m2026-09-30T07:18:54.557713Z[0m [32m INFO[0m  [32mCache miss for collection 48e9ba0a-9719-4833-b753-6fcb41883cd9[0m
    [2;3mat[0m rust\frontend\src\get_collection_with_segments_provider.rs:182
    [2;3min[0m [1mcollection_upsert[0m
    [2;3min[0m [1mHTTP request[0m [2;3mwith[0m [1mhttp.method[0m: POST, [1mhttp.uri[0m: /api/v2/tenants/default_tenant/databases/default_database/collections/48e9ba0a-9719-4833-b753-6fcb41883cd9/upsert, [1mhttp.route[0m: "/api/v2/tenants/{tenant}/databases/{database}/collections/{collection_id}/upsert", [1mhttp.version[0m: HTTP/1.1, [1mhttp.host[0m: 127.0.0.1:8000, [1mhttp.user_agent[0m: Chroma Python Client v1.5.9 (https://github.com/chroma-core/chroma), [1motel.name[0m: "POST /api/v2/tenants/{tenant}/databases/{database}/collections/{collection_id}/upsert"

  [2m2026-09-30T07:18:55.689918Z[0m [32m INFO[0m  [32mCache miss for collection 48e9ba0a-9719-4833-b753-6fcb41883cd9[0m
    [2;3mat[0m rust\frontend\src\get_collection_with_segments_provider.rs:182
    [2;3min[0m [1mcollection_upsert[0m
    [2;3min[0m [1mHTTP request[0m [2;3mwith[0m [1mhttp.method[0m: POST, [1mhttp.uri[0m: /api/v2/tenants/default_tenant/databases/default_database/collections/48e9ba0a-9719-4833-b753-6fcb41883cd9/upsert, [1mhttp.route[0m: "/api/v2/tenants/{tenant}/databases/{database}/collections/{collection_id}/upsert", [1mhttp.version[0m: HTTP/1.1, [1mhttp.host[0m: 127.0.0.1:8000, [1mhttp.user_agent[0m: Chroma Python Client v1.5.9 (https://github.com/chroma-core/chroma), [1motel.name[0m: "POST /api/v2/tenants/{tenant}/databases/{database}/collections/{collection_id}/upsert"

  [2m2026-09-30T07:18:55.690881Z[0m [32m INFO[0m  [1;32mtenant_name[0m[32m: default_tenant, [1;32mdatabase_name[0m[32m: default_database, [1;32mcollection_id[0m[32m: 48e9ba0a-9719-4833-b753-6fcb41883cd9, [1;32mnum_ids[0m[32m: 16[0m
    [2;3mat[0m rust\frontend\src\server.rs:2323
    [2;3min[0m [1mcollection_upsert[0m
    [2;3min[0m [1mHTTP request[0m [2;3mwith[0m [1mhttp.method[0m: POST, [1mhttp.uri[0m: /api/v2/tenants/default_tenant/databases/default_database/collections/48e9ba0a-9719-4833-b753-6fcb41883cd9/upsert, [1mhttp.route[0m: "/api/v2/tenants/{tenant}/databases/{database}/collections/{collection_id}/upsert", [1mhttp.version[0m: HTTP/1.1, [1mhttp.host[0m: 127.0.0.1:8000, [1mhttp.user_agent[0m: Chroma Python Client v1.5.9 (https://github.com/chroma-core/chroma), [1motel.name[0m: "POST /api/v2/tenants/{tenant}/databases/{database}/collections/{collection_id}/upsert"

  [2m2026-09-30T07:18:55.690933Z[0m [32m INFO[0m  [32mCache miss for collection 48e9ba0a-9719-4833-b753-6fcb41883cd9[0m
    [2;3mat[0m rust\frontend\src\get_collection_with_segments_provider.rs:182
    [2;3min[0m [1mcollection_upsert[0m
    [2;3min[0m [1mHTTP request[0m [2;3mwith[0m [1mhttp.method[0m: POST, [1mhttp.uri[0m: /api/v2/tenants/default_tenant/databases/default_database/collections/48e9ba0a-9719-4833-b753-6fcb41883cd9/upsert, [1mhttp.route[0m: "/api/v2/tenants/{tenant}/databases/{database}/collections/{collection_id}/upsert", [1mhttp.version[0m: HTTP/1.1, [1mhttp.host[0m: 127.0.0.1:8000, [1mhttp.user_agent[0m: Chroma Python Client v1.5.9 (https://github.com/chroma-core/chroma), [1motel.name[0m: "POST /api/v2/tenants/{tenant}/databases/{database}/collections/{collection_id}/upsert"

  [2m2026-09-30T07:18:57.215714Z[0m [32m INFO[0m  [32mCache miss for collection 48e9ba0a-9719-4833-b753-6fcb41883cd9[0m
    [2;3mat[0m rust\frontend\src\get_collection_with_segments_provider.rs:182
    [2;3min[0m [1mcollection_upsert[0m
    [2;3min[0m [1mHTTP request[0m [2;3mwith[0m [1mhttp.method[0m: POST, [1mhttp.uri[0m: /api/v2/tenants/default_tenant/databases/default_database/collections/48e9ba0a-9719-4833-b753-6fcb41883cd9/upsert, [1mhttp.route[0m: "/api/v2/tenants/{tenant}/databases/{database}/collections/{collection_id}/upsert", [1mhttp.version[0m: HTTP/1.1, [1mhttp.host[0m: 127.0.0.1:8000, [1mhttp.user_agent[0m: Chroma Python Client v1.5.9 (https://github.com/chroma-core/chroma), [1motel.name[0m: "POST /api/v2/tenants/{tenant}/databases/{database}/collections/{collection_id}/upsert"

  [2m2026-09-30T07:18:57.216605Z[0m [32m INFO[0m  [1;32mtenant_name[0m[32m: default_tenant, [1;32mdatabase_name[0m[32m: default_database, [1;32mcollection_id[0m[32m: 48e9ba0a-9719-4833-b753-6fcb41883cd9, [1;32mnum_ids[0m[32m: 16[0m
    [2;3mat[0m rust\frontend\src\server.rs:2323
    [2;3min[0m [1mcollection_upsert[0m
    [2;3min[0m [1mHTTP request[0m [2;3mwith[0m [1mhttp.method[0m: POST, [1mhttp.uri[0m: /api/v2/tenants/default_tenant/databases/default_database/collections/48e9ba0a-9719-4833-b753-6fcb41883cd9/upsert, [1mhttp.route[0m: "/api/v2/tenants/{tenant}/databases/{database}/collections/{collection_id}/upsert", [1mhttp.version[0m: HTTP/1.1, [1mhttp.host[0m: 127.0.0.1:8000, [1mhttp.user_agent[0m: Chroma Python Client v1.5.9 (https://github.com/chroma-core/chroma), [1motel.name[0m: "POST /api/v2/tenants/{tenant}/databases/{database}/collections/{collection_id}/upsert"

  [2m2026-09-30T07:18:57.216655Z[0m [32m INFO[0m  [32mCache miss for collection 48e9ba0a-9719-4833-b753-6fcb41883cd9[0m
    [2;3mat[0m rust\frontend\src\get_collection_with_segments_provider.rs:182
    [2;3min[0m [1mcollection_upsert[0m
    [2;3min[0m [1mHTTP request[0m [2;3mwith[0m [1mhttp.method[0m: POST, [1mhttp.uri[0m: /api/v2/tenants/default_tenant/databases/default_database/collections/48e9ba0a-9719-4833-b753-6fcb41883cd9/upsert, [1mhttp.route[0m: "/api/v2/tenants/{tenant}/databases/{database}/collections/{collection_id}/upsert", [1mhttp.version[0m: HTTP/1.1, [1mhttp.host[0m: 127.0.0.1:8000, [1mhttp.user_agent[0m: Chroma Python Client v1.5.9 (https://github.com/chroma-core/chroma), [1motel.name[0m: "POST /api/v2/tenants/{tenant}/databases/{database}/collections/{collection_id}/upsert"

  [2m2026-09-30T07:18:58.965538Z[0m [32m INFO[0m  [32mCache miss for collection 48e9ba0a-9719-4833-b753-6fcb41883cd9[0m
    [2;3mat[0m rust\frontend\src\get_collection_with_segments_provider.rs:182
    [2;3min[0m [1mcollection_upsert[0m
    [2;3min[0m [1mHTTP request[0m [2;3mwith[0m [1mhttp.method[0m: POST, [1mhttp.uri[0m: /api/v2/tenants/default_tenant/databases/default_database/collections/48e9ba0a-9719-4833-b753-6fcb41883cd9/upsert, [1mhttp.route[0m: "/api/v2/tenants/{tenant}/databases/{database}/collections/{collection_id}/upsert", [1mhttp.version[0m: HTTP/1.1, [1mhttp.host[0m: 127.0.0.1:8000, [1mhttp.user_agent[0m: Chroma Python Client v1.5.9 (https://github.com/chroma-core/chroma), [1motel.name[0m: "POST /api/v2/tenants/{tenant}/databases/{database}/collections/{collection_id}/upsert"

  [2m2026-09-30T07:18:58.966724Z[0m [32m INFO[0m  [1;32mtenant_name[0m[32m: default_tenant, [1;32mdatabase_name[0m[32m: default_database, [1;32mcollection_id[0m[32m: 48e9ba0a-9719-4833-b753-6fcb41883cd9, [1;32mnum_ids[0m[32m: 16[0m
    [2;3mat[0m rust\frontend\src\server.rs:2323
    [2;3min[0m [1mcollection_upsert[0m
    [2;3min[0m [1mHTTP request[0m [2;3mwith[0m [1mhttp.method[0m: POST, [1mhttp.uri[0m: /api/v2/tenants/default_tenant/databases/default_database/collections/48e9ba0a-9719-4833-b753-6fcb41883cd9/upsert, [1mhttp.route[0m: "/api/v2/tenants/{tenant}/databases/{database}/collections/{collection_id}/upsert", [1mhttp.version[0m: HTTP/1.1, [1mhttp.host[0m: 127.0.0.1:8000, [1mhttp.user_agent[0m: Chroma Python Client v1.5.9 (https://github.com/chroma-core/chroma), [1motel.name[0m: "POST /api/v2/tenants/{tenant}/databases/{database}/collections/{collection_id}/upsert"

  [2m2026-09-30T07:18:58.966875Z[0m [32m INFO[0m  [32mCache miss for collection 48e9ba0a-9719-4833-b753-6fcb41883cd9[0m
    [2;3mat[0m rust\frontend\src\get_collection_with_segments_provider.rs:182
    [2;3min[0m [1mcollection_upsert[0m
    [2;3min[0m [1mHTTP request[0m [2;3mwith[0m [1mhttp.method[0m: POST, [1mhttp.uri[0m: /api/v2/tenants/default_tenant/databases/default_database/collections/48e9ba0a-9719-4833-b753-6fcb41883cd9/upsert, [1mhttp.route[0m: "/api/v2/tenants/{tenant}/databases/{database}/collections/{collection_id}/upsert", [1mhttp.version[0m: HTTP/1.1, [1mhttp.host[0m: 127.0.0.1:8000, [1mhttp.user_agent[0m: Chroma Python Client v1.5.9 (https://github.com/chroma-core/chroma), [1motel.name[0m: "POST /api/v2/tenants/{tenant}/databases/{database}/collections/{collection_id}/upsert"

  [2m2026-09-30T07:19:00.222911Z[0m [32m INFO[0m  [32mCache miss for collection 48e9ba0a-9719-4833-b753-6fcb41883cd9[0m
    [2;3mat[0m rust\frontend\src\get_collection_with_segments_provider.rs:182
    [2;3min[0m [1mcollection_upsert[0m
    [2;3min[0m [1mHTTP request[0m [2;3mwith[0m [1mhttp.method[0m: POST, [1mhttp.uri[0m: /api/v2/tenants/default_tenant/databases/default_database/collections/48e9ba0a-9719-4833-b753-6fcb41883cd9/upsert, [1mhttp.route[0m: "/api/v2/tenants/{tenant}/databases/{database}/collections/{collection_id}/upsert", [1mhttp.version[0m: HTTP/1.1, [1mhttp.host[0m: 127.0.0.1:8000, [1mhttp.user_agent[0m: Chroma Python Client v1.5.9 (https://github.com/chroma-core/chroma), [1motel.name[0m: "POST /api/v2/tenants/{tenant}/databases/{database}/collections/{collection_id}/upsert"

  [2m2026-09-30T07:19:00.223773Z[0m [32m INFO[0m  [1;32mtenant_name[0m[32m: default_tenant, [1;32mdatabase_name[0m[32m: default_database, [1;32mcollection_id[0m[32m: 48e9ba0a-9719-4833-b753-6fcb41883cd9, [1;32mnum_ids[0m[32m: 16[0m
    [2;3mat[0m rust\frontend\src\server.rs:2323
    [2;3min[0m [1mcollection_upsert[0m
    [2;3min[0m [1mHTTP request[0m [2;3mwith[0m [1mhttp.method[0m: POST, [1mhttp.uri[0m: /api/v2/tenants/default_tenant/databases/default_database/collections/48e9ba0a-9719-4833-b753-6fcb41883cd9/upsert, [1mhttp.route[0m: "/api/v2/tenants/{tenant}/databases/{database}/collections/{collection_id}/upsert", [1mhttp.version[0m: HTTP/1.1, [1mhttp.host[0m: 127.0.0.1:8000, [1mhttp.user_agent[0m: Chroma Python Client v1.5.9 (https://github.com/chroma-core/chroma), [1motel.name[0m: "POST /api/v2/tenants/{tenant}/databases/{database}/collections/{collection_id}/upsert"

  [2m2026-09-30T07:19:00.223825Z[0m [32m INFO[0m  [32mCache miss for collection 48e9ba0a-9719-4833-b753-6fcb41883cd9[0m
    [2;3mat[0m rust\frontend\src\get_collection_with_segments_provider.rs:182
    [2;3min[0m [1mcollection_upsert[0m
    [2;3min[0m [1mHTTP request[0m [2;3mwith[0m [1mhttp.method[0m: POST, [1mhttp.uri[0m: /api/v2/tenants/default_tenant/databases/default_database/collections/48e9ba0a-9719-4833-b753-6fcb41883cd9/upsert, [1mhttp.route[0m: "/api/v2/tenants/{tenant}/databases/{database}/collections/{collection_id}/upsert", [1mhttp.version[0m: HTTP/1.1, [1mhttp.host[0m: 127.0.0.1:8000, [1mhttp.user_agent[0m: Chroma Python Client v1.5.9 (https://github.com/chroma-core/chroma), [1motel.name[0m: "POST /api/v2/tenants/{tenant}/databases/{database}/collections/{collection_id}/upsert"

  [2m2026-09-30T07:19:01.374075Z[0m [32m INFO[0m  [32mCache miss for collection 48e9ba0a-9719-4833-b753-6fcb41883cd9[0m
    [2;3mat[0m rust\frontend\src\get_collection_with_segments_provider.rs:182
    [2;3min[0m [1mcollection_upsert[0m
    [2;3min[0m [1mHTTP request[0m [2;3mwith[0m [1mhttp.method[0m: POST, [1mhttp.uri[0m: /api/v2/tenants/default_tenant/databases/default_database/collections/48e9ba0a-9719-4833-b753-6fcb41883cd9/upsert, [1mhttp.route[0m: "/api/v2/tenants/{tenant}/databases/{database}/collections/{collection_id}/upsert", [1mhttp.version[0m: HTTP/1.1, [1mhttp.host[0m: 127.0.0.1:8000, [1mhttp.user_agent[0m: Chroma Python Client v1.5.9 (https://github.com/chroma-core/chroma), [1motel.name[0m: "POST /api/v2/tenants/{tenant}/databases/{database}/collections/{collection_id}/upsert"

  [2m2026-09-30T07:19:01.374864Z[0m [32m INFO[0m  [1;32mtenant_name[0m[32m: default_tenant, [1;32mdatabase_name[0m[32m: default_database, [1;32mcollection_id[0m[32m: 48e9ba0a-9719-4833-b753-6fcb41883cd9, [1;32mnum_ids[0m[32m: 16[0m
    [2;3mat[0m rust\frontend\src\server.rs:2323
    [2;3min[0m [1mcollection_upsert[0m
    [2;3min[0m [1mHTTP request[0m [2;3mwith[0m [1mhttp.method[0m: POST, [1mhttp.uri[0m: /api/v2/tenants/default_tenant/databases/default_database/collections/48e9ba0a-9719-4833-b753-6fcb41883cd9/upsert, [1mhttp.route[0m: "/api/v2/tenants/{tenant}/databases/{database}/collections/{collection_id}/upsert", [1mhttp.version[0m: HTTP/1.1, [1mhttp.host[0m: 127.0.0.1:8000, [1mhttp.user_agent[0m: Chroma Python Client v1.5.9 (https://github.com/chroma-core/chroma), [1motel.name[0m: "POST /api/v2/tenants/{tenant}/databases/{database}/collections/{collection_id}/upsert"

  [2m2026-09-30T07:19:01.374917Z[0m [32m INFO[0m  [32mCache miss for collection 48e9ba0a-9719-4833-b753-6fcb41883cd9[0m
    [2;3mat[0m rust\frontend\src\get_collection_with_segments_provider.rs:182
    [2;3min[0m [1mcollection_upsert[0m
    [2;3min[0m [1mHTTP request[0m [2;3mwith[0m [1mhttp.method[0m: POST, [1mhttp.uri[0m: /api/v2/tenants/default_tenant/databases/default_database/collections/48e9ba0a-9719-4833-b753-6fcb41883cd9/upsert, [1mhttp.route[0m: "/api/v2/tenants/{tenant}/databases/{database}/collections/{collection_id}/upsert", [1mhttp.version[0m: HTTP/1.1, [1mhttp.host[0m: 127.0.0.1:8000, [1mhttp.user_agent[0m: Chroma Python Client v1.5.9 (https://github.com/chroma-core/chroma), [1motel.name[0m: "POST /api/v2/tenants/{tenant}/databases/{database}/collections/{collection_id}/upsert"

  [2m2026-09-30T07:19:02.606198Z[0m [32m INFO[0m  [32mCache miss for collection 48e9ba0a-9719-4833-b753-6fcb41883cd9[0m
    [2;3mat[0m rust\frontend\src\get_collection_with_segments_provider.rs:182
    [2;3min[0m [1mcollection_upsert[0m
    [2;3min[0m [1mHTTP request[0m [2;3mwith[0m [1mhttp.method[0m: POST, [1mhttp.uri[0m: /api/v2/tenants/default_tenant/databases/default_database/collections/48e9ba0a-9719-4833-b753-6fcb41883cd9/upsert, [1mhttp.route[0m: "/api/v2/tenants/{tenant}/databases/{database}/collections/{collection_id}/upsert", [1mhttp.version[0m: HTTP/1.1, [1mhttp.host[0m: 127.0.0.1:8000, [1mhttp.user_agent[0m: Chroma Python Client v1.5.9 (https://github.com/chroma-core/chroma), [1motel.name[0m: "POST /api/v2/tenants/{tenant}/databases/{database}/collections/{collection_id}/upsert"

  [2m2026-09-30T07:19:02.606856Z[0m [32m INFO[0m  [1;32mtenant_name[0m[32m: default_tenant, [1;32mdatabase_name[0m[32m: default_database, [1;32mcollection_id[0m[32m: 48e9ba0a-9719-4833-b753-6fcb41883cd9, [1;32mnum_ids[0m[32m: 16[0m
    [2;3mat[0m rust\frontend\src\server.rs:2323
    [2;3min[0m [1mcollection_upsert[0m
    [2;3min[0m [1mHTTP request[0m [2;3mwith[0m [1mhttp.method[0m: POST, [1mhttp.uri[0m: /api/v2/tenants/default_tenant/databases/default_database/collections/48e9ba0a-9719-4833-b753-6fcb41883cd9/upsert, [1mhttp.route[0m: "/api/v2/tenants/{tenant}/databases/{database}/collections/{collection_id}/upsert", [1mhttp.version[0m: HTTP/1.1, [1mhttp.host[0m: 127.0.0.1:8000, [1mhttp.user_agent[0m: Chroma Python Client v1.5.9 (https://github.com/chroma-core/chroma), [1motel.name[0m: "POST /api/v2/tenants/{tenant}/databases/{database}/collections/{collection_id}/upsert"

  [2m2026-09-30T07:19:02.606897Z[0m [32m INFO[0m  [32mCache miss for collection 48e9ba0a-9719-4833-b753-6fcb41883cd9[0m
    [2;3mat[0m rust\frontend\src\get_collection_with_segments_provider.rs:182
    [2;3min[0m [1mcollection_upsert[0m
    [2;3min[0m [1mHTTP request[0m [2;3mwith[0m [1mhttp.method[0m: POST, [1mhttp.uri[0m: /api/v2/tenants/default_tenant/databases/default_database/collections/48e9ba0a-9719-4833-b753-6fcb41883cd9/upsert, [1mhttp.route[0m: "/api/v2/tenants/{tenant}/databases/{database}/collections/{collection_id}/upsert", [1mhttp.version[0m: HTTP/1.1, [1mhttp.host[0m: 127.0.0.1:8000, [1mhttp.user_agent[0m: Chroma Python Client v1.5.9 (https://github.com/chroma-core/chroma), [1motel.name[0m: "POST /api/v2/tenants/{tenant}/databases/{database}/collections/{collection_id}/upsert"

  [2m2026-09-30T07:19:03.790207Z[0m [32m INFO[0m  [32mCache miss for collection 48e9ba0a-9719-4833-b753-6fcb41883cd9[0m
    [2;3mat[0m rust\frontend\src\get_collection_with_segments_provider.rs:182
    [2;3min[0m [1mcollection_upsert[0m
    [2;3min[0m [1mHTTP request[0m [2;3mwith[0m [1mhttp.method[0m: POST, [1mhttp.uri[0m: /api/v2/tenants/default_tenant/databases/default_database/collections/48e9ba0a-9719-4833-b753-6fcb41883cd9/upsert, [1mhttp.route[0m: "/api/v2/tenants/{tenant}/databases/{database}/collections/{collection_id}/upsert", [1mhttp.version[0m: HTTP/1.1, [1mhttp.host[0m: 127.0.0.1:8000, [1mhttp.user_agent[0m: Chroma Python Client v1.5.9 (https://github.com/chroma-core/chroma), [1motel.name[0m: "POST /api/v2/tenants/{tenant}/databases/{database}/collections/{collection_id}/upsert"

  [2m2026-09-30T07:19:03.791083Z[0m [32m INFO[0m  [1;32mtenant_name[0m[32m: default_tenant, [1;32mdatabase_name[0m[32m: default_database, [1;32mcollection_id[0m[32m: 48e9ba0a-9719-4833-b753-6fcb41883cd9, [1;32mnum_ids[0m[32m: 16[0m
    [2;3mat[0m rust\frontend\src\server.rs:2323
    [2;3min[0m [1mcollection_upsert[0m
    [2;3min[0m [1mHTTP request[0m [2;3mwith[0m [1mhttp.method[0m: POST, [1mhttp.uri[0m: /api/v2/tenants/default_tenant/databases/default_database/collections/48e9ba0a-9719-4833-b753-6fcb41883cd9/upsert, [1mhttp.route[0m: "/api/v2/tenants/{tenant}/databases/{database}/collections/{collection_id}/upsert", [1mhttp.version[0m: HTTP/1.1, [1mhttp.host[0m: 127.0.0.1:8000, [1mhttp.user_agent[0m: Chroma Python Client v1.5.9 (https://github.com/chroma-core/chroma), [1motel.name[0m: "POST /api/v2/tenants/{tenant}/databases/{database}/collections/{collection_id}/upsert"

  [2m2026-09-30T07:19:03.791123Z[0m [32m INFO[0m  [32mCache miss for collection 48e9ba0a-9719-4833-b753-6fcb41883cd9[0m
    [2;3mat[0m rust\frontend\src\get_collection_with_segments_provider.rs:182
    [2;3min[0m [1mcollection_upsert[0m
    [2;3min[0m [1mHTTP request[0m [2;3mwith[0m [1mhttp.method[0m: POST, [1mhttp.uri[0m: /api/v2/tenants/default_tenant/databases/default_database/collections/48e9ba0a-9719-4833-b753-6fcb41883cd9/upsert, [1mhttp.route[0m: "/api/v2/tenants/{tenant}/databases/{database}/collections/{collection_id}/upsert", [1mhttp.version[0m: HTTP/1.1, [1mhttp.host[0m: 127.0.0.1:8000, [1mhttp.user_agent[0m: Chroma Python Client v1.5.9 (https://github.com/chroma-core/chroma), [1motel.name[0m: "POST /api/v2/tenants/{tenant}/databases/{database}/collections/{collection_id}/upsert"

  [2m2026-09-30T07:19:04.914556Z[0m [32m INFO[0m  [32mCache miss for collection 48e9ba0a-9719-4833-b753-6fcb41883cd9[0m
    [2;3mat[0m rust\frontend\src\get_collection_with_segments_provider.rs:182
    [2;3min[0m [1mcollection_upsert[0m
    [2;3min[0m [1mHTTP request[0m [2;3mwith[0m [1mhttp.method[0m: POST, [1mhttp.uri[0m: /api/v2/tenants/default_tenant/databases/default_database/collections/48e9ba0a-9719-4833-b753-6fcb41883cd9/upsert, [1mhttp.route[0m: "/api/v2/tenants/{tenant}/databases/{database}/collections/{collection_id}/upsert", [1mhttp.version[0m: HTTP/1.1, [1mhttp.host[0m: 127.0.0.1:8000, [1mhttp.user_agent[0m: Chroma Python Client v1.5.9 (https://github.com/chroma-core/chroma), [1motel.name[0m: "POST /api/v2/tenants/{tenant}/databases/{database}/collections/{collection_id}/upsert"

  [2m2026-09-30T07:19:04.915564Z[0m [32m INFO[0m  [1;32mtenant_name[0m[32m: default_tenant, [1;32mdatabase_name[0m[32m: default_database, [1;32mcollection_id[0m[32m: 48e9ba0a-9719-4833-b753-6fcb41883cd9, [1;32mnum_ids[0m[32m: 16[0m
    [2;3mat[0m rust\frontend\src\server.rs:2323
    [2;3min[0m [1mcollection_upsert[0m
    [2;3min[0m [1mHTTP request[0m [2;3mwith[0m [1mhttp.method[0m: POST, [1mhttp.uri[0m: /api/v2/tenants/default_tenant/databases/default_database/collections/48e9ba0a-9719-4833-b753-6fcb41883cd9/upsert, [1mhttp.route[0m: "/api/v2/tenants/{tenant}/databases/{database}/collections/{collection_id}/upsert", [1mhttp.version[0m: HTTP/1.1, [1mhttp.host[0m: 127.0.0.1:8000, [1mhttp.user_agent[0m: Chroma Python Client v1.5.9 (https://github.com/chroma-core/chroma), [1motel.name[0m: "POST /api/v2/tenants/{tenant}/databases/{database}/collections/{collection_id}/upsert"

  [2m2026-09-30T07:19:04.915621Z[0m [32m INFO[0m  [32mCache miss for collection 48e9ba0a-9719-4833-b753-6fcb41883cd9[0m
    [2;3mat[0m rust\frontend\src\get_collection_with_segments_provider.rs:182
    [2;3min[0m [1mcollection_upsert[0m
    [2;3min[0m [1mHTTP request[0m [2;3mwith[0m [1mhttp.method[0m: POST, [1mhttp.uri[0m: /api/v2/tenants/default_tenant/databases/default_database/collections/48e9ba0a-9719-4833-b753-6fcb41883cd9/upsert, [1mhttp.route[0m: "/api/v2/tenants/{tenant}/databases/{database}/collections/{collection_id}/upsert", [1mhttp.version[0m: HTTP/1.1, [1mhttp.host[0m: 127.0.0.1:8000, [1mhttp.user_agent[0m: Chroma Python Client v1.5.9 (https://github.com/chroma-core/chroma), [1motel.name[0m: "POST /api/v2/tenants/{tenant}/databases/{database}/collections/{collection_id}/upsert"

  [2m2026-09-30T07:19:06.105885Z[0m [32m INFO[0m  [32mCache miss for collection 48e9ba0a-9719-4833-b753-6fcb41883cd9[0m
    [2;3mat[0m rust\frontend\src\get_collection_with_segments_provider.rs:182
    [2;3min[0m [1mcollection_upsert[0m
    [2;3min[0m [1mHTTP request[0m [2;3mwith[0m [1mhttp.method[0m: POST, [1mhttp.uri[0m: /api/v2/tenants/default_tenant/databases/default_database/collections/48e9ba0a-9719-4833-b753-6fcb41883cd9/upsert, [1mhttp.route[0m: "/api/v2/tenants/{tenant}/databases/{database}/collections/{collection_id}/upsert", [1mhttp.version[0m: HTTP/1.1, [1mhttp.host[0m: 127.0.0.1:8000, [1mhttp.user_agent[0m: Chroma Python Client v1.5.9 (https://github.com/chroma-core/chroma), [1motel.name[0m: "POST /api/v2/tenants/{tenant}/databases/{database}/collections/{collection_id}/upsert"

  [2m2026-09-30T07:19:06.106709Z[0m [32m INFO[0m  [1;32mtenant_name[0m[32m: default_tenant, [1;32mdatabase_name[0m[32m: default_database, [1;32mcollection_id[0m[32m: 48e9ba0a-9719-4833-b753-6fcb41883cd9, [1;32mnum_ids[0m[32m: 16[0m
    [2;3mat[0m rust\frontend\src\server.rs:2323
    [2;3min[0m [1mcollection_upsert[0m
    [2;3min[0m [1mHTTP request[0m [2;3mwith[0m [1mhttp.method[0m: POST, [1mhttp.uri[0m: /api/v2/tenants/default_tenant/databases/default_database/collections/48e9ba0a-9719-4833-b753-6fcb41883cd9/upsert, [1mhttp.route[0m: "/api/v2/tenants/{tenant}/databases/{database}/collections/{collection_id}/upsert", [1mhttp.version[0m: HTTP/1.1, [1mhttp.host[0m: 127.0.0.1:8000, [1mhttp.user_agent[0m: Chroma Python Client v1.5.9 (https://github.com/chroma-core/chroma), [1motel.name[0m: "POST /api/v2/tenants/{tenant}/databases/{database}/collections/{collection_id}/upsert"

  [2m2026-09-30T07:19:06.106747Z[0m [32m INFO[0m  [32mCache miss for collection 48e9ba0a-9719-4833-b753-6fcb41883cd9[0m
    [2;3mat[0m rust\frontend\src\get_collection_with_segments_provider.rs:182
    [2;3min[0m [1mcollection_upsert[0m
    [2;3min[0m [1mHTTP request[0m [2;3mwith[0m [1mhttp.method[0m: POST, [1mhttp.uri[0m: /api/v2/tenants/default_tenant/databases/default_database/collections/48e9ba0a-9719-4833-b753-6fcb41883cd9/upsert, [1mhttp.route[0m: "/api/v2/tenants/{tenant}/databases/{database}/collections/{collection_id}/upsert", [1mhttp.version[0m: HTTP/1.1, [1mhttp.host[0m: 127.0.0.1:8000, [1mhttp.user_agent[0m: Chroma Python Client v1.5.9 (https://github.com/chroma-core/chroma), [1motel.name[0m: "POST /api/v2/tenants/{tenant}/databases/{database}/collections/{collection_id}/upsert"

  [2m2026-09-30T07:19:07.347525Z[0m [32m INFO[0m  [32mCache miss for collection 48e9ba0a-9719-4833-b753-6fcb41883cd9[0m
    [2;3mat[0m rust\frontend\src\get_collection_with_segments_provider.rs:182
    [2;3min[0m [1mcollection_upsert[0m
    [2;3min[0m [1mHTTP request[0m [2;3mwith[0m [1mhttp.method[0m: POST, [1mhttp.uri[0m: /api/v2/tenants/default_tenant/databases/default_database/collections/48e9ba0a-9719-4833-b753-6fcb41883cd9/upsert, [1mhttp.route[0m: "/api/v2/tenants/{tenant}/databases/{database}/collections/{collection_id}/upsert", [1mhttp.version[0m: HTTP/1.1, [1mhttp.host[0m: 127.0.0.1:8000, [1mhttp.user_agent[0m: Chroma Python Client v1.5.9 (https://github.com/chroma-core/chroma), [1motel.name[0m: "POST /api/v2/tenants/{tenant}/databases/{database}/collections/{collection_id}/upsert"

  [2m2026-09-30T07:19:07.348377Z[0m [32m INFO[0m  [1;32mtenant_name[0m[32m: default_tenant, [1;32mdatabase_name[0m[32m: default_database, [1;32mcollection_id[0m[32m: 48e9ba0a-9719-4833-b753-6fcb41883cd9, [1;32mnum_ids[0m[32m: 16[0m
    [2;3mat[0m rust\frontend\src\server.rs:2323
    [2;3min[0m [1mcollection_upsert[0m
    [2;3min[0m [1mHTTP request[0m [2;3mwith[0m [1mhttp.method[0m: POST, [1mhttp.uri[0m: /api/v2/tenants/default_tenant/databases/default_database/collections/48e9ba0a-9719-4833-b753-6fcb41883cd9/upsert, [1mhttp.route[0m: "/api/v2/tenants/{tenant}/databases/{database}/collections/{collection_id}/upsert", [1mhttp.version[0m: HTTP/1.1, [1mhttp.host[0m: 127.0.0.1:8000, [1mhttp.user_agent[0m: Chroma Python Client v1.5.9 (https://github.com/chroma-core/chroma), [1motel.name[0m: "POST /api/v2/tenants/{tenant}/databases/{database}/collections/{collection_id}/upsert"

  [2m2026-09-30T07:19:07.348418Z[0m [32m INFO[0m  [32mCache miss for collection 48e9ba0a-9719-4833-b753-6fcb41883cd9[0m
    [2;3mat[0m rust\frontend\src\get_collection_with_segments_provider.rs:182
    [2;3min[0m [1mcollection_upsert[0m
    [2;3min[0m [1mHTTP request[0m [2;3mwith[0m [1mhttp.method[0m: POST, [1mhttp.uri[0m: /api/v2/tenants/default_tenant/databases/default_database/collections/48e9ba0a-9719-4833-b753-6fcb41883cd9/upsert, [1mhttp.route[0m: "/api/v2/tenants/{tenant}/databases/{database}/collections/{collection_id}/upsert", [1mhttp.version[0m: HTTP/1.1, [1mhttp.host[0m: 127.0.0.1:8000, [1mhttp.user_agent[0m: Chroma Python Client v1.5.9 (https://github.com/chroma-core/chroma), [1motel.name[0m: "POST /api/v2/tenants/{tenant}/databases/{database}/collections/{collection_id}/upsert"

  [2m2026-09-30T07:19:08.497355Z[0m [32m INFO[0m  [32mCache miss for collection 48e9ba0a-9719-4833-b753-6fcb41883cd9[0m
    [2;3mat[0m rust\frontend\src\get_collection_with_segments_provider.rs:182
    [2;3min[0m [1mcollection_upsert[0m
    [2;3min[0m [1mHTTP request[0m [2;3mwith[0m [1mhttp.method[0m: POST, [1mhttp.uri[0m: /api/v2/tenants/default_tenant/databases/default_database/collections/48e9ba0a-9719-4833-b753-6fcb41883cd9/upsert, [1mhttp.route[0m: "/api/v2/tenants/{tenant}/databases/{database}/collections/{collection_id}/upsert", [1mhttp.version[0m: HTTP/1.1, [1mhttp.host[0m: 127.0.0.1:8000, [1mhttp.user_agent[0m: Chroma Python Client v1.5.9 (https://github.com/chroma-core/chroma), [1motel.name[0m: "POST /api/v2/tenants/{tenant}/databases/{database}/collections/{collection_id}/upsert"

  [2m2026-09-30T07:19:08.498266Z[0m [32m INFO[0m  [1;32mtenant_name[0m[32m: default_tenant, [1;32mdatabase_name[0m[32m: default_database, [1;32mcollection_id[0m[32m: 48e9ba0a-9719-4833-b753-6fcb41883cd9, [1;32mnum_ids[0m[32m: 16[0m
    [2;3mat[0m rust\frontend\src\server.rs:2323
    [2;3min[0m [1mcollection_upsert[0m
    [2;3min[0m [1mHTTP request[0m [2;3mwith[0m [1mhttp.method[0m: POST, [1mhttp.uri[0m: /api/v2/tenants/default_tenant/databases/default_database/collections/48e9ba0a-9719-4833-b753-6fcb41883cd9/upsert, [1mhttp.route[0m: "/api/v2/tenants/{tenant}/databases/{database}/collections/{collection_id}/upsert", [1mhttp.version[0m: HTTP/1.1, [1mhttp.host[0m: 127.0.0.1:8000, [1mhttp.user_agent[0m: Chroma Python Client v1.5.9 (https://github.com/chroma-core/chroma), [1motel.name[0m: "POST /api/v2/tenants/{tenant}/databases/{database}/collections/{collection_id}/upsert"

  [2m2026-09-30T07:19:08.498315Z[0m [32m INFO[0m  [32mCache miss for collection 48e9ba0a-9719-4833-b753-6fcb41883cd9[0m
    [2;3mat[0m rust\frontend\src\get_collection_with_segments_provider.rs:182
    [2;3min[0m [1mcollection_upsert[0m
    [2;3min[0m [1mHTTP request[0m [2;3mwith[0m [1mhttp.method[0m: POST, [1mhttp.uri[0m: /api/v2/tenants/default_tenant/databases/default_database/collections/48e9ba0a-9719-4833-b753-6fcb41883cd9/upsert, [1mhttp.route[0m: "/api/v2/tenants/{tenant}/databases/{database}/collections/{collection_id}/upsert", [1mhttp.version[0m: HTTP/1.1, [1mhttp.host[0m: 127.0.0.1:8000, [1mhttp.user_agent[0m: Chroma Python Client v1.5.9 (https://github.com/chroma-core/chroma), [1motel.name[0m: "POST /api/v2/tenants/{tenant}/databases/{database}/collections/{collection_id}/upsert"

  [2m2026-09-30T07:19:09.766339Z[0m [32m INFO[0m  [32mCache miss for collection 48e9ba0a-9719-4833-b753-6fcb41883cd9[0m
    [2;3mat[0m rust\frontend\src\get_collection_with_segments_provider.rs:182
    [2;3min[0m [1mcollection_upsert[0m
    [2;3min[0m [1mHTTP request[0m [2;3mwith[0m [1mhttp.method[0m: POST, [1mhttp.uri[0m: /api/v2/tenants/default_tenant/databases/default_database/collections/48e9ba0a-9719-4833-b753-6fcb41883cd9/upsert, [1mhttp.route[0m: "/api/v2/tenants/{tenant}/databases/{database}/collections/{collection_id}/upsert", [1mhttp.version[0m: HTTP/1.1, [1mhttp.host[0m: 127.0.0.1:8000, [1mhttp.user_agent[0m: Chroma Python Client v1.5.9 (https://github.com/chroma-core/chroma), [1motel.name[0m: "POST /api/v2/tenants/{tenant}/databases/{database}/collections/{collection_id}/upsert"

  [2m2026-09-30T07:19:09.767629Z[0m [32m INFO[0m  [1;32mtenant_name[0m[32m: default_tenant, [1;32mdatabase_name[0m[32m: default_database, [1;32mcollection_id[0m[32m: 48e9ba0a-9719-4833-b753-6fcb41883cd9, [1;32mnum_ids[0m[32m: 16[0m
    [2;3mat[0m rust\frontend\src\server.rs:2323
    [2;3min[0m [1mcollection_upsert[0m
    [2;3min[0m [1mHTTP request[0m [2;3mwith[0m [1mhttp.method[0m: POST, [1mhttp.uri[0m: /api/v2/tenants/default_tenant/databases/default_database/collections/48e9ba0a-9719-4833-b753-6fcb41883cd9/upsert, [1mhttp.route[0m: "/api/v2/tenants/{tenant}/databases/{database}/collections/{collection_id}/upsert", [1mhttp.version[0m: HTTP/1.1, [1mhttp.host[0m: 127.0.0.1:8000, [1mhttp.user_agent[0m: Chroma Python Client v1.5.9 (https://github.com/chroma-core/chroma), [1motel.name[0m: "POST /api/v2/tenants/{tenant}/databases/{database}/collections/{collection_id}/upsert"

  [2m2026-09-30T07:19:09.767677Z[0m [32m INFO[0m  [32mCache miss for collection 48e9ba0a-9719-4833-b753-6fcb41883cd9[0m
    [2;3mat[0m rust\frontend\src\get_collection_with_segments_provider.rs:182
    [2;3min[0m [1mcollection_upsert[0m
    [2;3min[0m [1mHTTP request[0m [2;3mwith[0m [1mhttp.method[0m: POST, [1mhttp.uri[0m: /api/v2/tenants/default_tenant/databases/default_database/collections/48e9ba0a-9719-4833-b753-6fcb41883cd9/upsert, [1mhttp.route[0m: "/api/v2/tenants/{tenant}/databases/{database}/collections/{collection_id}/upsert", [1mhttp.version[0m: HTTP/1.1, [1mhttp.host[0m: 127.0.0.1:8000, [1mhttp.user_agent[0m: Chroma Python Client v1.5.9 (https://github.com/chroma-core/chroma), [1motel.name[0m: "POST /api/v2/tenants/{tenant}/databases/{database}/collections/{collection_id}/upsert"

  [2m2026-09-30T07:19:11.015160Z[0m [32m INFO[0m  [32mCache miss for collection 48e9ba0a-9719-4833-b753-6fcb41883cd9[0m
    [2;3mat[0m rust\frontend\src\get_collection_with_segments_provider.rs:182
    [2;3min[0m [1mcollection_upsert[0m
    [2;3min[0m [1mHTTP request[0m [2;3mwith[0m [1mhttp.method[0m: POST, [1mhttp.uri[0m: /api/v2/tenants/default_tenant/databases/default_database/collections/48e9ba0a-9719-4833-b753-6fcb41883cd9/upsert, [1mhttp.route[0m: "/api/v2/tenants/{tenant}/databases/{database}/collections/{collection_id}/upsert", [1mhttp.version[0m: HTTP/1.1, [1mhttp.host[0m: 127.0.0.1:8000, [1mhttp.user_agent[0m: Chroma Python Client v1.5.9 (https://github.com/chroma-core/chroma), [1motel.name[0m: "POST /api/v2/tenants/{tenant}/databases/{database}/collections/{collection_id}/upsert"

  [2m2026-09-30T07:19:11.016102Z[0m [32m INFO[0m  [1;32mtenant_name[0m[32m: default_tenant, [1;32mdatabase_name[0m[32m: default_database, [1;32mcollection_id[0m[32m: 48e9ba0a-9719-4833-b753-6fcb41883cd9, [1;32mnum_ids[0m[32m: 16[0m
    [2;3mat[0m rust\frontend\src\server.rs:2323
    [2;3min[0m [1mcollection_upsert[0m
    [2;3min[0m [1mHTTP request[0m [2;3mwith[0m [1mhttp.method[0m: POST, [1mhttp.uri[0m: /api/v2/tenants/default_tenant/databases/default_database/collections/48e9ba0a-9719-4833-b753-6fcb41883cd9/upsert, [1mhttp.route[0m: "/api/v2/tenants/{tenant}/databases/{database}/collections/{collection_id}/upsert", [1mhttp.version[0m: HTTP/1.1, [1mhttp.host[0m: 127.0.0.1:8000, [1mhttp.user_agent[0m: Chroma Python Client v1.5.9 (https://github.com/chroma-core/chroma), [1motel.name[0m: "POST /api/v2/tenants/{tenant}/databases/{database}/collections/{collection_id}/upsert"

  [2m2026-09-30T07:19:11.016153Z[0m [32m INFO[0m  [32mCache miss for collection 48e9ba0a-9719-4833-b753-6fcb41883cd9[0m
    [2;3mat[0m rust\frontend\src\get_collection_with_segments_provider.rs:182
    [2;3min[0m [1mcollection_upsert[0m
    [2;3min[0m [1mHTTP request[0m [2;3mwith[0m [1mhttp.method[0m: POST, [1mhttp.uri[0m: /api/v2/tenants/default_tenant/databases/default_database/collections/48e9ba0a-9719-4833-b753-6fcb41883cd9/upsert, [1mhttp.route[0m: "/api/v2/tenants/{tenant}/databases/{database}/collections/{collection_id}/upsert", [1mhttp.version[0m: HTTP/1.1, [1mhttp.host[0m: 127.0.0.1:8000, [1mhttp.user_agent[0m: Chroma Python Client v1.5.9 (https://github.com/chroma-core/chroma), [1motel.name[0m: "POST /api/v2/tenants/{tenant}/databases/{database}/collections/{collection_id}/upsert"

  [2m2026-09-30T07:19:12.170832Z[0m [32m INFO[0m  [32mCache miss for collection 48e9ba0a-9719-4833-b753-6fcb41883cd9[0m
    [2;3mat[0m rust\frontend\src\get_collection_with_segments_provider.rs:182
    [2;3min[0m [1mcollection_upsert[0m
    [2;3min[0m [1mHTTP request[0m [2;3mwith[0m [1mhttp.method[0m: POST, [1mhttp.uri[0m: /api/v2/tenants/default_tenant/databases/default_database/collections/48e9ba0a-9719-4833-b753-6fcb41883cd9/upsert, [1mhttp.route[0m: "/api/v2/tenants/{tenant}/databases/{database}/collections/{collection_id}/upsert", [1mhttp.version[0m: HTTP/1.1, [1mhttp.host[0m: 127.0.0.1:8000, [1mhttp.user_agent[0m: Chroma Python Client v1.5.9 (https://github.com/chroma-core/chroma), [1motel.name[0m: "POST /api/v2/tenants/{tenant}/databases/{database}/collections/{collection_id}/upsert"

  [2m2026-09-30T07:19:12.171750Z[0m [32m INFO[0m  [1;32mtenant_name[0m[32m: default_tenant, [1;32mdatabase_name[0m[32m: default_database, [1;32mcollection_id[0m[32m: 48e9ba0a-9719-4833-b753-6fcb41883cd9, [1;32mnum_ids[0m[32m: 10[0m
    [2;3mat[0m rust\frontend\src\server.rs:2323
    [2;3min[0m [1mcollection_upsert[0m
    [2;3min[0m [1mHTTP request[0m [2;3mwith[0m [1mhttp.method[0m: POST, [1mhttp.uri[0m: /api/v2/tenants/default_tenant/databases/default_database/collections/48e9ba0a-9719-4833-b753-6fcb41883cd9/upsert, [1mhttp.route[0m: "/api/v2/tenants/{tenant}/databases/{database}/collections/{collection_id}/upsert", [1mhttp.version[0m: HTTP/1.1, [1mhttp.host[0m: 127.0.0.1:8000, [1mhttp.user_agent[0m: Chroma Python Client v1.5.9 (https://github.com/chroma-core/chroma), [1motel.name[0m: "POST /api/v2/tenants/{tenant}/databases/{database}/collections/{collection_id}/upsert"

  [2m2026-09-30T07:19:12.171812Z[0m [32m INFO[0m  [32mCache miss for collection 48e9ba0a-9719-4833-b753-6fcb41883cd9[0m
    [2;3mat[0m rust\frontend\src\get_collection_with_segments_provider.rs:182
    [2;3min[0m [1mcollection_upsert[0m
    [2;3min[0m [1mHTTP request[0m [2;3mwith[0m [1mhttp.method[0m: POST, [1mhttp.uri[0m: /api/v2/tenants/default_tenant/databases/default_database/collections/48e9ba0a-9719-4833-b753-6fcb41883cd9/upsert, [1mhttp.route[0m: "/api/v2/tenants/{tenant}/databases/{database}/collections/{collection_id}/upsert", [1mhttp.version[0m: HTTP/1.1, [1mhttp.host[0m: 127.0.0.1:8000, [1mhttp.user_agent[0m: Chroma Python Client v1.5.9 (https://github.com/chroma-core/chroma), [1motel.name[0m: "POST /api/v2/tenants/{tenant}/databases/{database}/collections/{collection_id}/upsert"

  [2m2026-09-30T07:19:14.429645Z[0m [32m INFO[0m  [1;32mtenant_name[0m[32m: default_tenant[0m
    [2;3mat[0m rust\frontend\src\server.rs:757
    [2;3min[0m [1mHTTP request[0m [2;3mwith[0m [1mhttp.method[0m: GET, [1mhttp.uri[0m: /api/v2/tenants/default_tenant, [1mhttp.route[0m: "/api/v2/tenants/{tenant_name}", [1mhttp.version[0m: HTTP/1.1, [1mhttp.host[0m: 127.0.0.1:8000, [1mhttp.user_agent[0m: Chroma Python Client v1.5.9 (https://github.com/chroma-core/chroma), [1motel.name[0m: "GET /api/v2/tenants/{tenant_name}"

  [2m2026-09-30T07:19:14.430809Z[0m [32m INFO[0m  [1;32mtenant_name[0m[32m: default_tenant, [1;32mdatabase_name[0m[32m: default_database[0m
    [2;3mat[0m rust\frontend\src\server.rs:1015
    [2;3min[0m [1mHTTP request[0m [2;3mwith[0m [1mhttp.method[0m: GET, [1mhttp.uri[0m: /api/v2/tenants/default_tenant/databases/default_database, [1mhttp.route[0m: "/api/v2/tenants/{tenant}/databases/{database}", [1mhttp.version[0m: HTTP/1.1, [1mhttp.host[0m: 127.0.0.1:8000, [1mhttp.user_agent[0m: Chroma Python Client v1.5.9 (https://github.com/chroma-core/chroma), [1motel.name[0m: "GET /api/v2/tenants/{tenant}/databases/{database}"

  [2m2026-09-30T07:19:14.433090Z[0m [32m INFO[0m  [1;32mtenant_name[0m[32m: default_tenant, [1;32mdatabase_name[0m[32m: default_database[0m
    [2;3mat[0m rust\frontend\src\server.rs:1315
    [2;3min[0m [1mHTTP request[0m [2;3mwith[0m [1mhttp.method[0m: POST, [1mhttp.uri[0m: /api/v2/tenants/default_tenant/databases/default_database/collections, [1mhttp.route[0m: "/api/v2/tenants/{tenant}/databases/{database}/collections", [1mhttp.version[0m: HTTP/1.1, [1mhttp.host[0m: 127.0.0.1:8000, [1mhttp.user_agent[0m: Chroma Python Client v1.5.9 (https://github.com/chroma-core/chroma), [1motel.name[0m: "POST /api/v2/tenants/{tenant}/databases/{database}/collections"

  [2m2026-09-30T07:19:14.435149Z[0m [32m INFO[0m  [1;32mtenant[0m[32m: "default_tenant", [1;32mdatabase[0m[32m: "default_database", [1;32mcollection_id[0m[32m: "48e9ba0a-9719-4833-b753-6fcb41883cd9"[0m
    [2;3mat[0m rust\frontend\src\server.rs:2535
    [2;3min[0m [1mHTTP request[0m [2;3mwith[0m [1mhttp.method[0m: GET, [1mhttp.uri[0m: /api/v2/tenants/default_tenant/databases/default_database/collections/48e9ba0a-9719-4833-b753-6fcb41883cd9/count?read_level=index_and_wal, [1mhttp.route[0m: "/api/v2/tenants/{tenant}/databases/{database}/collections/{collection_id}/count", [1mhttp.version[0m: HTTP/1.1, [1mhttp.host[0m: 127.0.0.1:8000, [1mhttp.user_agent[0m: Chroma Python Client v1.5.9 (https://github.com/chroma-core/chroma), [1motel.name[0m: "GET /api/v2/tenants/{tenant}/databases/{database}/collections/{collection_id}/count"

  [2m2026-09-30T07:19:14.435178Z[0m [32m INFO[0m  [32mCache miss for collection 48e9ba0a-9719-4833-b753-6fcb41883cd9[0m
    [2;3mat[0m rust\frontend\src\get_collection_with_segments_provider.rs:182
    [2;3min[0m [1mHTTP request[0m [2;3mwith[0m [1mhttp.method[0m: GET, [1mhttp.uri[0m: /api/v2/tenants/default_tenant/databases/default_database/collections/48e9ba0a-9719-4833-b753-6fcb41883cd9/count?read_level=index_and_wal, [1mhttp.route[0m: "/api/v2/tenants/{tenant}/databases/{database}/collections/{collection_id}/count", [1mhttp.version[0m: HTTP/1.1, [1mhttp.host[0m: 127.0.0.1:8000, [1mhttp.user_agent[0m: Chroma Python Client v1.5.9 (https://github.com/chroma-core/chroma), [1motel.name[0m: "GET /api/v2/tenants/{tenant}/databases/{database}/collections/{collection_id}/count"

  [2m2026-09-30T07:19:14.435609Z[0m [32m INFO[0m  [32mCache miss for collection 48e9ba0a-9719-4833-b753-6fcb41883cd9[0m
    [2;3mat[0m rust\frontend\src\get_collection_with_segments_provider.rs:182
    [2;3min[0m [1mHTTP request[0m [2;3mwith[0m [1mhttp.method[0m: GET, [1mhttp.uri[0m: /api/v2/tenants/default_tenant/databases/default_database/collections/48e9ba0a-9719-4833-b753-6fcb41883cd9/count?read_level=index_and_wal, [1mhttp.route[0m: "/api/v2/tenants/{tenant}/databases/{database}/collections/{collection_id}/count", [1mhttp.version[0m: HTTP/1.1, [1mhttp.host[0m: 127.0.0.1:8000, [1mhttp.user_agent[0m: Chroma Python Client v1.5.9 (https://github.com/chroma-core/chroma), [1motel.name[0m: "GET /api/v2/tenants/{tenant}/databases/{database}/collections/{collection_id}/count"

  [2m2026-09-30T07:19:14.854315Z[0m [32m INFO[0m  [32mCache miss for collection 48e9ba0a-9719-4833-b753-6fcb41883cd9[0m
    [2;3mat[0m rust\frontend\src\get_collection_with_segments_provider.rs:182
    [2;3min[0m [1mHTTP request[0m [2;3mwith[0m [1mhttp.method[0m: POST, [1mhttp.uri[0m: /api/v2/tenants/default_tenant/databases/default_database/collections/48e9ba0a-9719-4833-b753-6fcb41883cd9/query, [1mhttp.route[0m: "/api/v2/tenants/{tenant}/databases/{database}/collections/{collection_id}/query", [1mhttp.version[0m: HTTP/1.1, [1mhttp.host[0m: 127.0.0.1:8000, [1mhttp.user_agent[0m: Chroma Python Client v1.5.9 (https://github.com/chroma-core/chroma), [1motel.name[0m: "POST /api/v2/tenants/{tenant}/databases/{database}/collections/{collection_id}/query"

  [2m2026-09-30T07:19:14.857454Z[0m [32m INFO[0m  [1;32mnum_ids[0m[32m: 0, [1;32mnum_embeddings[0m[32m: 1, [1;32minclude[0m[32m: IncludeList([Document, Metadata, Distance]), [1;32mhas_where[0m[32m: true[0m
    [2;3mat[0m rust\frontend\src\server.rs:3037
    [2;3min[0m [1mHTTP request[0m [2;3mwith[0m [1mhttp.method[0m: POST, [1mhttp.uri[0m: /api/v2/tenants/default_tenant/databases/default_database/collections/48e9ba0a-9719-4833-b753-6fcb41883cd9/query, [1mhttp.route[0m: "/api/v2/tenants/{tenant}/databases/{database}/collections/{collection_id}/query", [1mhttp.version[0m: HTTP/1.1, [1mhttp.host[0m: 127.0.0.1:8000, [1mhttp.user_agent[0m: Chroma Python Client v1.5.9 (https://github.com/chroma-core/chroma), [1motel.name[0m: "POST /api/v2/tenants/{tenant}/databases/{database}/collections/{collection_id}/query"

  [2m2026-09-30T07:19:14.857482Z[0m [32m INFO[0m  [32mCache miss for collection 48e9ba0a-9719-4833-b753-6fcb41883cd9[0m
    [2;3mat[0m rust\frontend\src\get_collection_with_segments_provider.rs:182
    [2;3min[0m [1mHTTP request[0m [2;3mwith[0m [1mhttp.method[0m: POST, [1mhttp.uri[0m: /api/v2/tenants/default_tenant/databases/default_database/collections/48e9ba0a-9719-4833-b753-6fcb41883cd9/query, [1mhttp.route[0m: "/api/v2/tenants/{tenant}/databases/{database}/collections/{collection_id}/query", [1mhttp.version[0m: HTTP/1.1, [1mhttp.host[0m: 127.0.0.1:8000, [1mhttp.user_agent[0m: Chroma Python Client v1.5.9 (https://github.com/chroma-core/chroma), [1motel.name[0m: "POST /api/v2/tenants/{tenant}/databases/{database}/collections/{collection_id}/query"

  [2m2026-09-30T07:19:14.858062Z[0m [32m INFO[0m  [32mCache miss for collection 48e9ba0a-9719-4833-b753-6fcb41883cd9[0m
    [2;3mat[0m rust\frontend\src\get_collection_with_segments_provider.rs:182
    [2;3min[0m [1mHTTP request[0m [2;3mwith[0m [1mhttp.method[0m: POST, [1mhttp.uri[0m: /api/v2/tenants/default_tenant/databases/default_database/collections/48e9ba0a-9719-4833-b753-6fcb41883cd9/query, [1mhttp.route[0m: "/api/v2/tenants/{tenant}/databases/{database}/collections/{collection_id}/query", [1mhttp.version[0m: HTTP/1.1, [1mhttp.host[0m: 127.0.0.1:8000, [1mhttp.user_agent[0m: Chroma Python Client v1.5.9 (https://github.com/chroma-core/chroma), [1motel.name[0m: "POST /api/v2/tenants/{tenant}/databases/{database}/collections/{collection_id}/query"

  [2m2026-09-30T07:19:15.279983Z[0m [32m INFO[0m  [1;32mtenant[0m[32m: "default_tenant", [1;32mdatabase[0m[32m: "default_database", [1;32mcollection_id[0m[32m: "48e9ba0a-9719-4833-b753-6fcb41883cd9"[0m
    [2;3mat[0m rust\frontend\src\server.rs:2535
    [2;3min[0m [1mHTTP request[0m [2;3mwith[0m [1mhttp.method[0m: GET, [1mhttp.uri[0m: /api/v2/tenants/default_tenant/databases/default_database/collections/48e9ba0a-9719-4833-b753-6fcb41883cd9/count?read_level=index_and_wal, [1mhttp.route[0m: "/api/v2/tenants/{tenant}/databases/{database}/collections/{collection_id}/count", [1mhttp.version[0m: HTTP/1.1, [1mhttp.host[0m: 127.0.0.1:8000, [1mhttp.user_agent[0m: Chroma Python Client v1.5.9 (https://github.com/chroma-core/chroma), [1motel.name[0m: "GET /api/v2/tenants/{tenant}/databases/{database}/collections/{collection_id}/count"

  [2m2026-09-30T07:19:15.280012Z[0m [32m INFO[0m  [32mCache miss for collection 48e9ba0a-9719-4833-b753-6fcb41883cd9[0m
    [2;3mat[0m rust\frontend\src\get_collection_with_segments_provider.rs:182
    [2;3min[0m [1mHTTP request[0m [2;3mwith[0m [1mhttp.method[0m: GET, [1mhttp.uri[0m: /api/v2/tenants/default_tenant/databases/default_database/collections/48e9ba0a-9719-4833-b753-6fcb41883cd9/count?read_level=index_and_wal, [1mhttp.route[0m: "/api/v2/tenants/{tenant}/databases/{database}/collections/{collection_id}/count", [1mhttp.version[0m: HTTP/1.1, [1mhttp.host[0m: 127.0.0.1:8000, [1mhttp.user_agent[0m: Chroma Python Client v1.5.9 (https://github.com/chroma-core/chroma), [1motel.name[0m: "GET /api/v2/tenants/{tenant}/databases/{database}/collections/{collection_id}/count"

  [2m2026-09-30T07:19:15.280647Z[0m [32m INFO[0m  [32mCache miss for collection 48e9ba0a-9719-4833-b753-6fcb41883cd9[0m
    [2;3mat[0m rust\frontend\src\get_collection_with_segments_provider.rs:182
    [2;3min[0m [1mHTTP request[0m [2;3mwith[0m [1mhttp.method[0m: GET, [1mhttp.uri[0m: /api/v2/tenants/default_tenant/databases/default_database/collections/48e9ba0a-9719-4833-b753-6fcb41883cd9/count?read_level=index_and_wal, [1mhttp.route[0m: "/api/v2/tenants/{tenant}/databases/{database}/collections/{collection_id}/count", [1mhttp.version[0m: HTTP/1.1, [1mhttp.host[0m: 127.0.0.1:8000, [1mhttp.user_agent[0m: Chroma Python Client v1.5.9 (https://github.com/chroma-core/chroma), [1motel.name[0m: "GET /api/v2/tenants/{tenant}/databases/{database}/collections/{collection_id}/count"

  [2m2026-09-30T07:19:15.556156Z[0m [32m INFO[0m  [32mCache miss for collection 48e9ba0a-9719-4833-b753-6fcb41883cd9[0m
    [2;3mat[0m rust\frontend\src\get_collection_with_segments_provider.rs:182
    [2;3min[0m [1mHTTP request[0m [2;3mwith[0m [1mhttp.method[0m: POST, [1mhttp.uri[0m: /api/v2/tenants/default_tenant/databases/default_database/collections/48e9ba0a-9719-4833-b753-6fcb41883cd9/query, [1mhttp.route[0m: "/api/v2/tenants/{tenant}/databases/{database}/collections/{collection_id}/query", [1mhttp.version[0m: HTTP/1.1, [1mhttp.host[0m: 127.0.0.1:8000, [1mhttp.user_agent[0m: Chroma Python Client v1.5.9 (https://github.com/chroma-core/chroma), [1motel.name[0m: "POST /api/v2/tenants/{tenant}/databases/{database}/collections/{collection_id}/query"

  [2m2026-09-30T07:19:15.556774Z[0m [32m INFO[0m  [1;32mnum_ids[0m[32m: 0, [1;32mnum_embeddings[0m[32m: 1, [1;32minclude[0m[32m: IncludeList([Document, Metadata, Distance]), [1;32mhas_where[0m[32m: true[0m
    [2;3mat[0m rust\frontend\src\server.rs:3037
    [2;3min[0m [1mHTTP request[0m [2;3mwith[0m [1mhttp.method[0m: POST, [1mhttp.uri[0m: /api/v2/tenants/default_tenant/databases/default_database/collections/48e9ba0a-9719-4833-b753-6fcb41883cd9/query, [1mhttp.route[0m: "/api/v2/tenants/{tenant}/databases/{database}/collections/{collection_id}/query", [1mhttp.version[0m: HTTP/1.1, [1mhttp.host[0m: 127.0.0.1:8000, [1mhttp.user_agent[0m: Chroma Python Client v1.5.9 (https://github.com/chroma-core/chroma), [1motel.name[0m: "POST /api/v2/tenants/{tenant}/databases/{database}/collections/{collection_id}/query"

  [2m2026-09-30T07:19:15.556812Z[0m [32m INFO[0m  [32mCache miss for collection 48e9ba0a-9719-4833-b753-6fcb41883cd9[0m
    [2;3mat[0m rust\frontend\src\get_collection_with_segments_provider.rs:182
    [2;3min[0m [1mHTTP request[0m [2;3mwith[0m [1mhttp.method[0m: POST, [1mhttp.uri[0m: /api/v2/tenants/default_tenant/databases/default_database/collections/48e9ba0a-9719-4833-b753-6fcb41883cd9/query, [1mhttp.route[0m: "/api/v2/tenants/{tenant}/databases/{database}/collections/{collection_id}/query", [1mhttp.version[0m: HTTP/1.1, [1mhttp.host[0m: 127.0.0.1:8000, [1mhttp.user_agent[0m: Chroma Python Client v1.5.9 (https://github.com/chroma-core/chroma), [1motel.name[0m: "POST /api/v2/tenants/{tenant}/databases/{database}/collections/{collection_id}/query"

  [2m2026-09-30T07:19:15.557318Z[0m [32m INFO[0m  [32mCache miss for collection 48e9ba0a-9719-4833-b753-6fcb41883cd9[0m
    [2;3mat[0m rust\frontend\src\get_collection_with_segments_provider.rs:182
    [2;3min[0m [1mHTTP request[0m [2;3mwith[0m [1mhttp.method[0m: POST, [1mhttp.uri[0m: /api/v2/tenants/default_tenant/databases/default_database/collections/48e9ba0a-9719-4833-b753-6fcb41883cd9/query, [1mhttp.route[0m: "/api/v2/tenants/{tenant}/databases/{database}/collections/{collection_id}/query", [1mhttp.version[0m: HTTP/1.1, [1mhttp.host[0m: 127.0.0.1:8000, [1mhttp.user_agent[0m: Chroma Python Client v1.5.9 (https://github.com/chroma-core/chroma), [1motel.name[0m: "POST /api/v2/tenants/{tenant}/databases/{database}/collections/{collection_id}/query"

  [2m2026-09-30T07:20:05.582711Z[0m [32m INFO[0m  [1;32mtenant_name[0m[32m: default_tenant[0m
    [2;3mat[0m rust\frontend\src\server.rs:757
    [2;3min[0m [1mHTTP request[0m [2;3mwith[0m [1mhttp.method[0m: GET, [1mhttp.uri[0m: /api/v2/tenants/default_tenant, [1mhttp.route[0m: "/api/v2/tenants/{tenant_name}", [1mhttp.version[0m: HTTP/1.1, [1mhttp.host[0m: 127.0.0.1:8000, [1mhttp.user_agent[0m: Chroma Python Client v1.5.9 (https://github.com/chroma-core/chroma), [1motel.name[0m: "GET /api/v2/tenants/{tenant_name}"

  [2m2026-09-30T07:20:05.583731Z[0m [32m INFO[0m  [1;32mtenant_name[0m[32m: default_tenant, [1;32mdatabase_name[0m[32m: default_database[0m
    [2;3mat[0m rust\frontend\src\server.rs:1015
    [2;3min[0m [1mHTTP request[0m [2;3mwith[0m [1mhttp.method[0m: GET, [1mhttp.uri[0m: /api/v2/tenants/default_tenant/databases/default_database, [1mhttp.route[0m: "/api/v2/tenants/{tenant}/databases/{database}", [1mhttp.version[0m: HTTP/1.1, [1mhttp.host[0m: 127.0.0.1:8000, [1mhttp.user_agent[0m: Chroma Python Client v1.5.9 (https://github.com/chroma-core/chroma), [1motel.name[0m: "GET /api/v2/tenants/{tenant}/databases/{database}"

  [2m2026-09-30T07:20:05.584902Z[0m [32m INFO[0m  [1;32mtenant_name[0m[32m: default_tenant, [1;32mdatabase_name[0m[32m: default_database[0m
    [2;3mat[0m rust\frontend\src\server.rs:1315
    [2;3min[0m [1mHTTP request[0m [2;3mwith[0m [1mhttp.method[0m: POST, [1mhttp.uri[0m: /api/v2/tenants/default_tenant/databases/default_database/collections, [1mhttp.route[0m: "/api/v2/tenants/{tenant}/databases/{database}/collections", [1mhttp.version[0m: HTTP/1.1, [1mhttp.host[0m: 127.0.0.1:8000, [1mhttp.user_agent[0m: Chroma Python Client v1.5.9 (https://github.com/chroma-core/chroma), [1motel.name[0m: "POST /api/v2/tenants/{tenant}/databases/{database}/collections"

  [2m2026-09-30T07:20:05.586492Z[0m [32m INFO[0m  [1;32mtenant[0m[32m: "default_tenant", [1;32mdatabase[0m[32m: "default_database", [1;32mcollection_id[0m[32m: "48e9ba0a-9719-4833-b753-6fcb41883cd9"[0m
    [2;3mat[0m rust\frontend\src\server.rs:2535
    [2;3min[0m [1mHTTP request[0m [2;3mwith[0m [1mhttp.method[0m: GET, [1mhttp.uri[0m: /api/v2/tenants/default_tenant/databases/default_database/collections/48e9ba0a-9719-4833-b753-6fcb41883cd9/count?read_level=index_and_wal, [1mhttp.route[0m: "/api/v2/tenants/{tenant}/databases/{database}/collections/{collection_id}/count", [1mhttp.version[0m: HTTP/1.1, [1mhttp.host[0m: 127.0.0.1:8000, [1mhttp.user_agent[0m: Chroma Python Client v1.5.9 (https://github.com/chroma-core/chroma), [1motel.name[0m: "GET /api/v2/tenants/{tenant}/databases/{database}/collections/{collection_id}/count"

  [2m2026-09-30T07:20:05.586512Z[0m [32m INFO[0m  [32mCache miss for collection 48e9ba0a-9719-4833-b753-6fcb41883cd9[0m
    [2;3mat[0m rust\frontend\src\get_collection_with_segments_provider.rs:182
    [2;3min[0m [1mHTTP request[0m [2;3mwith[0m [1mhttp.method[0m: GET, [1mhttp.uri[0m: /api/v2/tenants/default_tenant/databases/default_database/collections/48e9ba0a-9719-4833-b753-6fcb41883cd9/count?read_level=index_and_wal, [1mhttp.route[0m: "/api/v2/tenants/{tenant}/databases/{database}/collections/{collection_id}/count", [1mhttp.version[0m: HTTP/1.1, [1mhttp.host[0m: 127.0.0.1:8000, [1mhttp.user_agent[0m: Chroma Python Client v1.5.9 (https://github.com/chroma-core/chroma), [1motel.name[0m: "GET /api/v2/tenants/{tenant}/databases/{database}/collections/{collection_id}/count"

  [2m2026-09-30T07:20:05.587080Z[0m [32m INFO[0m  [32mCache miss for collection 48e9ba0a-9719-4833-b753-6fcb41883cd9[0m
    [2;3mat[0m rust\frontend\src\get_collection_with_segments_provider.rs:182
    [2;3min[0m [1mHTTP request[0m [2;3mwith[0m [1mhttp.method[0m: GET, [1mhttp.uri[0m: /api/v2/tenants/default_tenant/databases/default_database/collections/48e9ba0a-9719-4833-b753-6fcb41883cd9/count?read_level=index_and_wal, [1mhttp.route[0m: "/api/v2/tenants/{tenant}/databases/{database}/collections/{collection_id}/count", [1mhttp.version[0m: HTTP/1.1, [1mhttp.host[0m: 127.0.0.1:8000, [1mhttp.user_agent[0m: Chroma Python Client v1.5.9 (https://github.com/chroma-core/chroma), [1motel.name[0m: "GET /api/v2/tenants/{tenant}/databases/{database}/collections/{collection_id}/count"

  [2m2026-09-30T07:20:05.589032Z[0m [32m INFO[0m  [32mCache miss for collection 48e9ba0a-9719-4833-b753-6fcb41883cd9[0m
    [2;3mat[0m rust\frontend\src\get_collection_with_segments_provider.rs:182
    [2;3min[0m [1mHTTP request[0m [2;3mwith[0m [1mhttp.method[0m: POST, [1mhttp.uri[0m: /api/v2/tenants/default_tenant/databases/default_database/collections/48e9ba0a-9719-4833-b753-6fcb41883cd9/get, [1mhttp.route[0m: "/api/v2/tenants/{tenant}/databases/{database}/collections/{collection_id}/get", [1mhttp.version[0m: HTTP/1.1, [1mhttp.host[0m: 127.0.0.1:8000, [1mhttp.user_agent[0m: Chroma Python Client v1.5.9 (https://github.com/chroma-core/chroma), [1motel.name[0m: "POST /api/v2/tenants/{tenant}/databases/{database}/collections/{collection_id}/get"

  [2m2026-09-30T07:20:05.589574Z[0m [32m INFO[0m  [1;32mnum_ids[0m[32m: 632, [1;32minclude[0m[32m: IncludeList([Document, Metadata]), [1;32mhas_where[0m[32m: false[0m
    [2;3mat[0m rust\frontend\src\server.rs:2860
    [2;3min[0m [1mHTTP request[0m [2;3mwith[0m [1mhttp.method[0m: POST, [1mhttp.uri[0m: /api/v2/tenants/default_tenant/databases/default_database/collections/48e9ba0a-9719-4833-b753-6fcb41883cd9/get, [1mhttp.route[0m: "/api/v2/tenants/{tenant}/databases/{database}/collections/{collection_id}/get", [1mhttp.version[0m: HTTP/1.1, [1mhttp.host[0m: 127.0.0.1:8000, [1mhttp.user_agent[0m: Chroma Python Client v1.5.9 (https://github.com/chroma-core/chroma), [1motel.name[0m: "POST /api/v2/tenants/{tenant}/databases/{database}/collections/{collection_id}/get"

  [2m2026-09-30T07:20:05.589598Z[0m [32m INFO[0m  [32mCache miss for collection 48e9ba0a-9719-4833-b753-6fcb41883cd9[0m
    [2;3mat[0m rust\frontend\src\get_collection_with_segments_provider.rs:182
    [2;3min[0m [1mHTTP request[0m [2;3mwith[0m [1mhttp.method[0m: POST, [1mhttp.uri[0m: /api/v2/tenants/default_tenant/databases/default_database/collections/48e9ba0a-9719-4833-b753-6fcb41883cd9/get, [1mhttp.route[0m: "/api/v2/tenants/{tenant}/databases/{database}/collections/{collection_id}/get", [1mhttp.version[0m: HTTP/1.1, [1mhttp.host[0m: 127.0.0.1:8000, [1mhttp.user_agent[0m: Chroma Python Client v1.5.9 (https://github.com/chroma-core/chroma), [1motel.name[0m: "POST /api/v2/tenants/{tenant}/databases/{database}/collections/{collection_id}/get"

  [2m2026-09-30T07:20:06.380864Z[0m [32m INFO[0m  [32mCache miss for collection 48e9ba0a-9719-4833-b753-6fcb41883cd9[0m
    [2;3mat[0m rust\frontend\src\get_collection_with_segments_provider.rs:182
    [2;3min[0m [1mcollection_upsert[0m
    [2;3min[0m [1mHTTP request[0m [2;3mwith[0m [1mhttp.method[0m: POST, [1mhttp.uri[0m: /api/v2/tenants/default_tenant/databases/default_database/collections/48e9ba0a-9719-4833-b753-6fcb41883cd9/upsert, [1mhttp.route[0m: "/api/v2/tenants/{tenant}/databases/{database}/collections/{collection_id}/upsert", [1mhttp.version[0m: HTTP/1.1, [1mhttp.host[0m: 127.0.0.1:8000, [1mhttp.user_agent[0m: Chroma Python Client v1.5.9 (https://github.com/chroma-core/chroma), [1motel.name[0m: "POST /api/v2/tenants/{tenant}/databases/{database}/collections/{collection_id}/upsert"

  [2m2026-09-30T07:20:06.382727Z[0m [32m INFO[0m  [1;32mtenant_name[0m[32m: default_tenant, [1;32mdatabase_name[0m[32m: default_database, [1;32mcollection_id[0m[32m: 48e9ba0a-9719-4833-b753-6fcb41883cd9, [1;32mnum_ids[0m[32m: 16[0m
    [2;3mat[0m rust\frontend\src\server.rs:2323
    [2;3min[0m [1mcollection_upsert[0m
    [2;3min[0m [1mHTTP request[0m [2;3mwith[0m [1mhttp.method[0m: POST, [1mhttp.uri[0m: /api/v2/tenants/default_tenant/databases/default_database/collections/48e9ba0a-9719-4833-b753-6fcb41883cd9/upsert, [1mhttp.route[0m: "/api/v2/tenants/{tenant}/databases/{database}/collections/{collection_id}/upsert", [1mhttp.version[0m: HTTP/1.1, [1mhttp.host[0m: 127.0.0.1:8000, [1mhttp.user_agent[0m: Chroma Python Client v1.5.9 (https://github.com/chroma-core/chroma), [1motel.name[0m: "POST /api/v2/tenants/{tenant}/databases/{database}/collections/{collection_id}/upsert"

  [2m2026-09-30T07:20:06.383029Z[0m [32m INFO[0m  [32mCache miss for collection 48e9ba0a-9719-4833-b753-6fcb41883cd9[0m
    [2;3mat[0m rust\frontend\src\get_collection_with_segments_provider.rs:182
    [2;3min[0m [1mcollection_upsert[0m
    [2;3min[0m [1mHTTP request[0m [2;3mwith[0m [1mhttp.method[0m: POST, [1mhttp.uri[0m: /api/v2/tenants/default_tenant/databases/default_database/collections/48e9ba0a-9719-4833-b753-6fcb41883cd9/upsert, [1mhttp.route[0m: "/api/v2/tenants/{tenant}/databases/{database}/collections/{collection_id}/upsert", [1mhttp.version[0m: HTTP/1.1, [1mhttp.host[0m: 127.0.0.1:8000, [1mhttp.user_agent[0m: Chroma Python Client v1.5.9 (https://github.com/chroma-core/chroma), [1motel.name[0m: "POST /api/v2/tenants/{tenant}/databases/{database}/collections/{collection_id}/upsert"

  [2m2026-09-30T07:20:07.637381Z[0m [32m INFO[0m  [32mCache miss for collection 48e9ba0a-9719-4833-b753-6fcb41883cd9[0m
    [2;3mat[0m rust\frontend\src\get_collection_with_segments_provider.rs:182
    [2;3min[0m [1mcollection_upsert[0m
    [2;3min[0m [1mHTTP request[0m [2;3mwith[0m [1mhttp.method[0m: POST, [1mhttp.uri[0m: /api/v2/tenants/default_tenant/databases/default_database/collections/48e9ba0a-9719-4833-b753-6fcb41883cd9/upsert, [1mhttp.route[0m: "/api/v2/tenants/{tenant}/databases/{database}/collections/{collection_id}/upsert", [1mhttp.version[0m: HTTP/1.1, [1mhttp.host[0m: 127.0.0.1:8000, [1mhttp.user_agent[0m: Chroma Python Client v1.5.9 (https://github.com/chroma-core/chroma), [1motel.name[0m: "POST /api/v2/tenants/{tenant}/databases/{database}/collections/{collection_id}/upsert"

  [2m2026-09-30T07:20:07.638153Z[0m [32m INFO[0m  [1;32mtenant_name[0m[32m: default_tenant, [1;32mdatabase_name[0m[32m: default_database, [1;32mcollection_id[0m[32m: 48e9ba0a-9719-4833-b753-6fcb41883cd9, [1;32mnum_ids[0m[32m: 14[0m
    [2;3mat[0m rust\frontend\src\server.rs:2323
    [2;3min[0m [1mcollection_upsert[0m
    [2;3min[0m [1mHTTP request[0m [2;3mwith[0m [1mhttp.method[0m: POST, [1mhttp.uri[0m: /api/v2/tenants/default_tenant/databases/default_database/collections/48e9ba0a-9719-4833-b753-6fcb41883cd9/upsert, [1mhttp.route[0m: "/api/v2/tenants/{tenant}/databases/{database}/collections/{collection_id}/upsert", [1mhttp.version[0m: HTTP/1.1, [1mhttp.host[0m: 127.0.0.1:8000, [1mhttp.user_agent[0m: Chroma Python Client v1.5.9 (https://github.com/chroma-core/chroma), [1motel.name[0m: "POST /api/v2/tenants/{tenant}/databases/{database}/collections/{collection_id}/upsert"

  [2m2026-09-30T07:20:07.638239Z[0m [32m INFO[0m  [32mCache miss for collection 48e9ba0a-9719-4833-b753-6fcb41883cd9[0m
    [2;3mat[0m rust\frontend\src\get_collection_with_segments_provider.rs:182
    [2;3min[0m [1mcollection_upsert[0m
    [2;3min[0m [1mHTTP request[0m [2;3mwith[0m [1mhttp.method[0m: POST, [1mhttp.uri[0m: /api/v2/tenants/default_tenant/databases/default_database/collections/48e9ba0a-9719-4833-b753-6fcb41883cd9/upsert, [1mhttp.route[0m: "/api/v2/tenants/{tenant}/databases/{database}/collections/{collection_id}/upsert", [1mhttp.version[0m: HTTP/1.1, [1mhttp.host[0m: 127.0.0.1:8000, [1mhttp.user_agent[0m: Chroma Python Client v1.5.9 (https://github.com/chroma-core/chroma), [1motel.name[0m: "POST /api/v2/tenants/{tenant}/databases/{database}/collections/{collection_id}/upsert"

  [2m2026-09-30T07:20:09.766435Z[0m [32m INFO[0m  [1;32mtenant_name[0m[32m: default_tenant[0m
    [2;3mat[0m rust\frontend\src\server.rs:757
    [2;3min[0m [1mHTTP request[0m [2;3mwith[0m [1mhttp.method[0m: GET, [1mhttp.uri[0m: /api/v2/tenants/default_tenant, [1mhttp.route[0m: "/api/v2/tenants/{tenant_name}", [1mhttp.version[0m: HTTP/1.1, [1mhttp.host[0m: 127.0.0.1:8000, [1mhttp.user_agent[0m: Chroma Python Client v1.5.9 (https://github.com/chroma-core/chroma), [1motel.name[0m: "GET /api/v2/tenants/{tenant_name}"

  [2m2026-09-30T07:20:09.767424Z[0m [32m INFO[0m  [1;32mtenant_name[0m[32m: default_tenant, [1;32mdatabase_name[0m[32m: default_database[0m
    [2;3mat[0m rust\frontend\src\server.rs:1015
    [2;3min[0m [1mHTTP request[0m [2;3mwith[0m [1mhttp.method[0m: GET, [1mhttp.uri[0m: /api/v2/tenants/default_tenant/databases/default_database, [1mhttp.route[0m: "/api/v2/tenants/{tenant}/databases/{database}", [1mhttp.version[0m: HTTP/1.1, [1mhttp.host[0m: 127.0.0.1:8000, [1mhttp.user_agent[0m: Chroma Python Client v1.5.9 (https://github.com/chroma-core/chroma), [1motel.name[0m: "GET /api/v2/tenants/{tenant}/databases/{database}"

  [2m2026-09-30T07:20:09.768734Z[0m [32m INFO[0m  [1;32mtenant_name[0m[32m: default_tenant, [1;32mdatabase_name[0m[32m: default_database[0m
    [2;3mat[0m rust\frontend\src\server.rs:1315
    [2;3min[0m [1mHTTP request[0m [2;3mwith[0m [1mhttp.method[0m: POST, [1mhttp.uri[0m: /api/v2/tenants/default_tenant/databases/default_database/collections, [1mhttp.route[0m: "/api/v2/tenants/{tenant}/databases/{database}/collections", [1mhttp.version[0m: HTTP/1.1, [1mhttp.host[0m: 127.0.0.1:8000, [1mhttp.user_agent[0m: Chroma Python Client v1.5.9 (https://github.com/chroma-core/chroma), [1motel.name[0m: "POST /api/v2/tenants/{tenant}/databases/{database}/collections"

  [2m2026-09-30T07:20:09.770313Z[0m [32m INFO[0m  [1;32mtenant[0m[32m: "default_tenant", [1;32mdatabase[0m[32m: "default_database", [1;32mcollection_id[0m[32m: "48e9ba0a-9719-4833-b753-6fcb41883cd9"[0m
    [2;3mat[0m rust\frontend\src\server.rs:2535
    [2;3min[0m [1mHTTP request[0m [2;3mwith[0m [1mhttp.method[0m: GET, [1mhttp.uri[0m: /api/v2/tenants/default_tenant/databases/default_database/collections/48e9ba0a-9719-4833-b753-6fcb41883cd9/count?read_level=index_and_wal, [1mhttp.route[0m: "/api/v2/tenants/{tenant}/databases/{database}/collections/{collection_id}/count", [1mhttp.version[0m: HTTP/1.1, [1mhttp.host[0m: 127.0.0.1:8000, [1mhttp.user_agent[0m: Chroma Python Client v1.5.9 (https://github.com/chroma-core/chroma), [1motel.name[0m: "GET /api/v2/tenants/{tenant}/databases/{database}/collections/{collection_id}/count"

  [2m2026-09-30T07:20:09.770376Z[0m [32m INFO[0m  [32mCache miss for collection 48e9ba0a-9719-4833-b753-6fcb41883cd9[0m
    [2;3mat[0m rust\frontend\src\get_collection_with_segments_provider.rs:182
    [2;3min[0m [1mHTTP request[0m [2;3mwith[0m [1mhttp.method[0m: GET, [1mhttp.uri[0m: /api/v2/tenants/default_tenant/databases/default_database/collections/48e9ba0a-9719-4833-b753-6fcb41883cd9/count?read_level=index_and_wal, [1mhttp.route[0m: "/api/v2/tenants/{tenant}/databases/{database}/collections/{collection_id}/count", [1mhttp.version[0m: HTTP/1.1, [1mhttp.host[0m: 127.0.0.1:8000, [1mhttp.user_agent[0m: Chroma Python Client v1.5.9 (https://github.com/chroma-core/chroma), [1motel.name[0m: "GET /api/v2/tenants/{tenant}/databases/{database}/collections/{collection_id}/count"

  [2m2026-09-30T07:20:09.770785Z[0m [32m INFO[0m  [32mCache miss for collection 48e9ba0a-9719-4833-b753-6fcb41883cd9[0m
    [2;3mat[0m rust\frontend\src\get_collection_with_segments_provider.rs:182
    [2;3min[0m [1mHTTP request[0m [2;3mwith[0m [1mhttp.method[0m: GET, [1mhttp.uri[0m: /api/v2/tenants/default_tenant/databases/default_database/collections/48e9ba0a-9719-4833-b753-6fcb41883cd9/count?read_level=index_and_wal, [1mhttp.route[0m: "/api/v2/tenants/{tenant}/databases/{database}/collections/{collection_id}/count", [1mhttp.version[0m: HTTP/1.1, [1mhttp.host[0m: 127.0.0.1:8000, [1mhttp.user_agent[0m: Chroma Python Client v1.5.9 (https://github.com/chroma-core/chroma), [1motel.name[0m: "GET /api/v2/tenants/{tenant}/databases/{database}/collections/{collection_id}/count"

  [2m2026-09-30T07:20:10.287880Z[0m [32m INFO[0m  [32mCache miss for collection 48e9ba0a-9719-4833-b753-6fcb41883cd9[0m
    [2;3mat[0m rust\frontend\src\get_collection_with_segments_provider.rs:182
    [2;3min[0m [1mHTTP request[0m [2;3mwith[0m [1mhttp.method[0m: POST, [1mhttp.uri[0m: /api/v2/tenants/default_tenant/databases/default_database/collections/48e9ba0a-9719-4833-b753-6fcb41883cd9/query, [1mhttp.route[0m: "/api/v2/tenants/{tenant}/databases/{database}/collections/{collection_id}/query", [1mhttp.version[0m: HTTP/1.1, [1mhttp.host[0m: 127.0.0.1:8000, [1mhttp.user_agent[0m: Chroma Python Client v1.5.9 (https://github.com/chroma-core/chroma), [1motel.name[0m: "POST /api/v2/tenants/{tenant}/databases/{database}/collections/{collection_id}/query"

  [2m2026-09-30T07:20:10.288564Z[0m [32m INFO[0m  [1;32mnum_ids[0m[32m: 0, [1;32mnum_embeddings[0m[32m: 1, [1;32minclude[0m[32m: IncludeList([Document, Metadata, Distance]), [1;32mhas_where[0m[32m: true[0m
    [2;3mat[0m rust\frontend\src\server.rs:3037
    [2;3min[0m [1mHTTP request[0m [2;3mwith[0m [1mhttp.method[0m: POST, [1mhttp.uri[0m: /api/v2/tenants/default_tenant/databases/default_database/collections/48e9ba0a-9719-4833-b753-6fcb41883cd9/query, [1mhttp.route[0m: "/api/v2/tenants/{tenant}/databases/{database}/collections/{collection_id}/query", [1mhttp.version[0m: HTTP/1.1, [1mhttp.host[0m: 127.0.0.1:8000, [1mhttp.user_agent[0m: Chroma Python Client v1.5.9 (https://github.com/chroma-core/chroma), [1motel.name[0m: "POST /api/v2/tenants/{tenant}/databases/{database}/collections/{collection_id}/query"

  [2m2026-09-30T07:20:10.288584Z[0m [32m INFO[0m  [32mCache miss for collection 48e9ba0a-9719-4833-b753-6fcb41883cd9[0m
    [2;3mat[0m rust\frontend\src\get_collection_with_segments_provider.rs:182
    [2;3min[0m [1mHTTP request[0m [2;3mwith[0m [1mhttp.method[0m: POST, [1mhttp.uri[0m: /api/v2/tenants/default_tenant/databases/default_database/collections/48e9ba0a-9719-4833-b753-6fcb41883cd9/query, [1mhttp.route[0m: "/api/v2/tenants/{tenant}/databases/{database}/collections/{collection_id}/query", [1mhttp.version[0m: HTTP/1.1, [1mhttp.host[0m: 127.0.0.1:8000, [1mhttp.user_agent[0m: Chroma Python Client v1.5.9 (https://github.com/chroma-core/chroma), [1motel.name[0m: "POST /api/v2/tenants/{tenant}/databases/{database}/collections/{collection_id}/query"

  [2m2026-09-30T07:20:10.289118Z[0m [32m INFO[0m  [32mCache miss for collection 48e9ba0a-9719-4833-b753-6fcb41883cd9[0m
    [2;3mat[0m rust\frontend\src\get_collection_with_segments_provider.rs:182
    [2;3min[0m [1mHTTP request[0m [2;3mwith[0m [1mhttp.method[0m: POST, [1mhttp.uri[0m: /api/v2/tenants/default_tenant/databases/default_database/collections/48e9ba0a-9719-4833-b753-6fcb41883cd9/query, [1mhttp.route[0m: "/api/v2/tenants/{tenant}/databases/{database}/collections/{collection_id}/query", [1mhttp.version[0m: HTTP/1.1, [1mhttp.host[0m: 127.0.0.1:8000, [1mhttp.user_agent[0m: Chroma Python Client v1.5.9 (https://github.com/chroma-core/chroma), [1motel.name[0m: "POST /api/v2/tenants/{tenant}/databases/{database}/collections/{collection_id}/query"

  [2m2026-09-30T07:20:10.306076Z[0m [32m INFO[0m  [1;32mtenant[0m[32m: "default_tenant", [1;32mdatabase[0m[32m: "default_database", [1;32mcollection_id[0m[32m: "48e9ba0a-9719-4833-b753-6fcb41883cd9"[0m
    [2;3mat[0m rust\frontend\src\server.rs:2535
    [2;3min[0m [1mHTTP request[0m [2;3mwith[0m [1mhttp.method[0m: GET, [1mhttp.uri[0m: /api/v2/tenants/default_tenant/databases/default_database/collections/48e9ba0a-9719-4833-b753-6fcb41883cd9/count?read_level=index_and_wal, [1mhttp.route[0m: "/api/v2/tenants/{tenant}/databases/{database}/collections/{collection_id}/count", [1mhttp.version[0m: HTTP/1.1, [1mhttp.host[0m: 127.0.0.1:8000, [1mhttp.user_agent[0m: Chroma Python Client v1.5.9 (https://github.com/chroma-core/chroma), [1motel.name[0m: "GET /api/v2/tenants/{tenant}/databases/{database}/collections/{collection_id}/count"

  [2m2026-09-30T07:20:10.306102Z[0m [32m INFO[0m  [32mCache miss for collection 48e9ba0a-9719-4833-b753-6fcb41883cd9[0m
    [2;3mat[0m rust\frontend\src\get_collection_with_segments_provider.rs:182
    [2;3min[0m [1mHTTP request[0m [2;3mwith[0m [1mhttp.method[0m: GET, [1mhttp.uri[0m: /api/v2/tenants/default_tenant/databases/default_database/collections/48e9ba0a-9719-4833-b753-6fcb41883cd9/count?read_level=index_and_wal, [1mhttp.route[0m: "/api/v2/tenants/{tenant}/databases/{database}/collections/{collection_id}/count", [1mhttp.version[0m: HTTP/1.1, [1mhttp.host[0m: 127.0.0.1:8000, [1mhttp.user_agent[0m: Chroma Python Client v1.5.9 (https://github.com/chroma-core/chroma), [1motel.name[0m: "GET /api/v2/tenants/{tenant}/databases/{database}/collections/{collection_id}/count"

  [2m2026-09-30T07:20:10.306735Z[0m [32m INFO[0m  [32mCache miss for collection 48e9ba0a-9719-4833-b753-6fcb41883cd9[0m
    [2;3mat[0m rust\frontend\src\get_collection_with_segments_provider.rs:182
    [2;3min[0m [1mHTTP request[0m [2;3mwith[0m [1mhttp.method[0m: GET, [1mhttp.uri[0m: /api/v2/tenants/default_tenant/databases/default_database/collections/48e9ba0a-9719-4833-b753-6fcb41883cd9/count?read_level=index_and_wal, [1mhttp.route[0m: "/api/v2/tenants/{tenant}/databases/{database}/collections/{collection_id}/count", [1mhttp.version[0m: HTTP/1.1, [1mhttp.host[0m: 127.0.0.1:8000, [1mhttp.user_agent[0m: Chroma Python Client v1.5.9 (https://github.com/chroma-core/chroma), [1motel.name[0m: "GET /api/v2/tenants/{tenant}/databases/{database}/collections/{collection_id}/count"

  [2m2026-09-30T07:20:10.604069Z[0m [32m INFO[0m  [32mCache miss for collection 48e9ba0a-9719-4833-b753-6fcb41883cd9[0m
    [2;3mat[0m rust\frontend\src\get_collection_with_segments_provider.rs:182
    [2;3min[0m [1mHTTP request[0m [2;3mwith[0m [1mhttp.method[0m: POST, [1mhttp.uri[0m: /api/v2/tenants/default_tenant/databases/default_database/collections/48e9ba0a-9719-4833-b753-6fcb41883cd9/query, [1mhttp.route[0m: "/api/v2/tenants/{tenant}/databases/{database}/collections/{collection_id}/query", [1mhttp.version[0m: HTTP/1.1, [1mhttp.host[0m: 127.0.0.1:8000, [1mhttp.user_agent[0m: Chroma Python Client v1.5.9 (https://github.com/chroma-core/chroma), [1motel.name[0m: "POST /api/v2/tenants/{tenant}/databases/{database}/collections/{collection_id}/query"

  [2m2026-09-30T07:20:10.604654Z[0m [32m INFO[0m  [1;32mnum_ids[0m[32m: 0, [1;32mnum_embeddings[0m[32m: 1, [1;32minclude[0m[32m: IncludeList([Document, Metadata, Distance]), [1;32mhas_where[0m[32m: true[0m
    [2;3mat[0m rust\frontend\src\server.rs:3037
    [2;3min[0m [1mHTTP request[0m [2;3mwith[0m [1mhttp.method[0m: POST, [1mhttp.uri[0m: /api/v2/tenants/default_tenant/databases/default_database/collections/48e9ba0a-9719-4833-b753-6fcb41883cd9/query, [1mhttp.route[0m: "/api/v2/tenants/{tenant}/databases/{database}/collections/{collection_id}/query", [1mhttp.version[0m: HTTP/1.1, [1mhttp.host[0m: 127.0.0.1:8000, [1mhttp.user_agent[0m: Chroma Python Client v1.5.9 (https://github.com/chroma-core/chroma), [1motel.name[0m: "POST /api/v2/tenants/{tenant}/databases/{database}/collections/{collection_id}/query"

  [2m2026-09-30T07:20:10.604679Z[0m [32m INFO[0m  [32mCache miss for collection 48e9ba0a-9719-4833-b753-6fcb41883cd9[0m
    [2;3mat[0m rust\frontend\src\get_collection_with_segments_provider.rs:182
    [2;3min[0m [1mHTTP request[0m [2;3mwith[0m [1mhttp.method[0m: POST, [1mhttp.uri[0m: /api/v2/tenants/default_tenant/databases/default_database/collections/48e9ba0a-9719-4833-b753-6fcb41883cd9/query, [1mhttp.route[0m: "/api/v2/tenants/{tenant}/databases/{database}/collections/{collection_id}/query", [1mhttp.version[0m: HTTP/1.1, [1mhttp.host[0m: 127.0.0.1:8000, [1mhttp.user_agent[0m: Chroma Python Client v1.5.9 (https://github.com/chroma-core/chroma), [1motel.name[0m: "POST /api/v2/tenants/{tenant}/databases/{database}/collections/{collection_id}/query"

  [2m2026-09-30T07:20:10.605169Z[0m [32m INFO[0m  [32mCache miss for collection 48e9ba0a-9719-4833-b753-6fcb41883cd9[0m
    [2;3mat[0m rust\frontend\src\get_collection_with_segments_provider.rs:182
    [2;3min[0m [1mHTTP request[0m [2;3mwith[0m [1mhttp.method[0m: POST, [1mhttp.uri[0m: /api/v2/tenants/default_tenant/databases/default_database/collections/48e9ba0a-9719-4833-b753-6fcb41883cd9/query, [1mhttp.route[0m: "/api/v2/tenants/{tenant}/databases/{database}/collections/{collection_id}/query", [1mhttp.version[0m: HTTP/1.1, [1mhttp.host[0m: 127.0.0.1:8000, [1mhttp.user_agent[0m: Chroma Python Client v1.5.9 (https://github.com/chroma-core/chroma), [1motel.name[0m: "POST /api/v2/tenants/{tenant}/databases/{database}/collections/{collection_id}/query"

  [2m2026-09-30T07:21:20.002191Z[0m [32m INFO[0m  [1;32mtenant_name[0m[32m: default_tenant[0m
    [2;3mat[0m rust\frontend\src\server.rs:757
    [2;3min[0m [1mHTTP request[0m [2;3mwith[0m [1mhttp.method[0m: GET, [1mhttp.uri[0m: /api/v2/tenants/default_tenant, [1mhttp.route[0m: "/api/v2/tenants/{tenant_name}", [1mhttp.version[0m: HTTP/1.1, [1mhttp.host[0m: 127.0.0.1:8000, [1mhttp.user_agent[0m: Chroma Python Client v1.5.9 (https://github.com/chroma-core/chroma), [1motel.name[0m: "GET /api/v2/tenants/{tenant_name}"

  [2m2026-09-30T07:21:20.003302Z[0m [32m INFO[0m  [1;32mtenant_name[0m[32m: default_tenant, [1;32mdatabase_name[0m[32m: default_database[0m
    [2;3mat[0m rust\frontend\src\server.rs:1015
    [2;3min[0m [1mHTTP request[0m [2;3mwith[0m [1mhttp.method[0m: GET, [1mhttp.uri[0m: /api/v2/tenants/default_tenant/databases/default_database, [1mhttp.route[0m: "/api/v2/tenants/{tenant}/databases/{database}", [1mhttp.version[0m: HTTP/1.1, [1mhttp.host[0m: 127.0.0.1:8000, [1mhttp.user_agent[0m: Chroma Python Client v1.5.9 (https://github.com/chroma-core/chroma), [1motel.name[0m: "GET /api/v2/tenants/{tenant}/databases/{database}"

  [2m2026-09-30T07:21:20.004554Z[0m [32m INFO[0m  [1;32mtenant_name[0m[32m: default_tenant, [1;32mdatabase_name[0m[32m: default_database[0m
    [2;3mat[0m rust\frontend\src\server.rs:1315
    [2;3min[0m [1mHTTP request[0m [2;3mwith[0m [1mhttp.method[0m: POST, [1mhttp.uri[0m: /api/v2/tenants/default_tenant/databases/default_database/collections, [1mhttp.route[0m: "/api/v2/tenants/{tenant}/databases/{database}/collections", [1mhttp.version[0m: HTTP/1.1, [1mhttp.host[0m: 127.0.0.1:8000, [1mhttp.user_agent[0m: Chroma Python Client v1.5.9 (https://github.com/chroma-core/chroma), [1motel.name[0m: "POST /api/v2/tenants/{tenant}/databases/{database}/collections"

  [2m2026-09-30T07:21:20.006209Z[0m [32m INFO[0m  [1;32mtenant[0m[32m: "default_tenant", [1;32mdatabase[0m[32m: "default_database", [1;32mcollection_id[0m[32m: "48e9ba0a-9719-4833-b753-6fcb41883cd9"[0m
    [2;3mat[0m rust\frontend\src\server.rs:2535
    [2;3min[0m [1mHTTP request[0m [2;3mwith[0m [1mhttp.method[0m: GET, [1mhttp.uri[0m: /api/v2/tenants/default_tenant/databases/default_database/collections/48e9ba0a-9719-4833-b753-6fcb41883cd9/count?read_level=index_and_wal, [1mhttp.route[0m: "/api/v2/tenants/{tenant}/databases/{database}/collections/{collection_id}/count", [1mhttp.version[0m: HTTP/1.1, [1mhttp.host[0m: 127.0.0.1:8000, [1mhttp.user_agent[0m: Chroma Python Client v1.5.9 (https://github.com/chroma-core/chroma), [1motel.name[0m: "GET /api/v2/tenants/{tenant}/databases/{database}/collections/{collection_id}/count"

  [2m2026-09-30T07:21:20.006236Z[0m [32m INFO[0m  [32mCache miss for collection 48e9ba0a-9719-4833-b753-6fcb41883cd9[0m
    [2;3mat[0m rust\frontend\src\get_collection_with_segments_provider.rs:182
    [2;3min[0m [1mHTTP request[0m [2;3mwith[0m [1mhttp.method[0m: GET, [1mhttp.uri[0m: /api/v2/tenants/default_tenant/databases/default_database/collections/48e9ba0a-9719-4833-b753-6fcb41883cd9/count?read_level=index_and_wal, [1mhttp.route[0m: "/api/v2/tenants/{tenant}/databases/{database}/collections/{collection_id}/count", [1mhttp.version[0m: HTTP/1.1, [1mhttp.host[0m: 127.0.0.1:8000, [1mhttp.user_agent[0m: Chroma Python Client v1.5.9 (https://github.com/chroma-core/chroma), [1motel.name[0m: "GET /api/v2/tenants/{tenant}/databases/{database}/collections/{collection_id}/count"

  [2m2026-09-30T07:21:20.006684Z[0m [32m INFO[0m  [32mCache miss for collection 48e9ba0a-9719-4833-b753-6fcb41883cd9[0m
    [2;3mat[0m rust\frontend\src\get_collection_with_segments_provider.rs:182
    [2;3min[0m [1mHTTP request[0m [2;3mwith[0m [1mhttp.method[0m: GET, [1mhttp.uri[0m: /api/v2/tenants/default_tenant/databases/default_database/collections/48e9ba0a-9719-4833-b753-6fcb41883cd9/count?read_level=index_and_wal, [1mhttp.route[0m: "/api/v2/tenants/{tenant}/databases/{database}/collections/{collection_id}/count", [1mhttp.version[0m: HTTP/1.1, [1mhttp.host[0m: 127.0.0.1:8000, [1mhttp.user_agent[0m: Chroma Python Client v1.5.9 (https://github.com/chroma-core/chroma), [1motel.name[0m: "GET /api/v2/tenants/{tenant}/databases/{database}/collections/{collection_id}/count"

  [2m2026-09-30T07:21:20.008675Z[0m [32m INFO[0m  [32mCache miss for collection 48e9ba0a-9719-4833-b753-6fcb41883cd9[0m
    [2;3mat[0m rust\frontend\src\get_collection_with_segments_provider.rs:182
    [2;3min[0m [1mHTTP request[0m [2;3mwith[0m [1mhttp.method[0m: POST, [1mhttp.uri[0m: /api/v2/tenants/default_tenant/databases/default_database/collections/48e9ba0a-9719-4833-b753-6fcb41883cd9/get, [1mhttp.route[0m: "/api/v2/tenants/{tenant}/databases/{database}/collections/{collection_id}/get", [1mhttp.version[0m: HTTP/1.1, [1mhttp.host[0m: 127.0.0.1:8000, [1mhttp.user_agent[0m: Chroma Python Client v1.5.9 (https://github.com/chroma-core/chroma), [1motel.name[0m: "POST /api/v2/tenants/{tenant}/databases/{database}/collections/{collection_id}/get"

  [2m2026-09-30T07:21:20.009182Z[0m [32m INFO[0m  [1;32mnum_ids[0m[32m: 738, [1;32minclude[0m[32m: IncludeList([Document, Metadata]), [1;32mhas_where[0m[32m: false[0m
    [2;3mat[0m rust\frontend\src\server.rs:2860
    [2;3min[0m [1mHTTP request[0m [2;3mwith[0m [1mhttp.method[0m: POST, [1mhttp.uri[0m: /api/v2/tenants/default_tenant/databases/default_database/collections/48e9ba0a-9719-4833-b753-6fcb41883cd9/get, [1mhttp.route[0m: "/api/v2/tenants/{tenant}/databases/{database}/collections/{collection_id}/get", [1mhttp.version[0m: HTTP/1.1, [1mhttp.host[0m: 127.0.0.1:8000, [1mhttp.user_agent[0m: Chroma Python Client v1.5.9 (https://github.com/chroma-core/chroma), [1motel.name[0m: "POST /api/v2/tenants/{tenant}/databases/{database}/collections/{collection_id}/get"

  [2m2026-09-30T07:21:20.009205Z[0m [32m INFO[0m  [32mCache miss for collection 48e9ba0a-9719-4833-b753-6fcb41883cd9[0m
    [2;3mat[0m rust\frontend\src\get_collection_with_segments_provider.rs:182
    [2;3min[0m [1mHTTP request[0m [2;3mwith[0m [1mhttp.method[0m: POST, [1mhttp.uri[0m: /api/v2/tenants/default_tenant/databases/default_database/collections/48e9ba0a-9719-4833-b753-6fcb41883cd9/get, [1mhttp.route[0m: "/api/v2/tenants/{tenant}/databases/{database}/collections/{collection_id}/get", [1mhttp.version[0m: HTTP/1.1, [1mhttp.host[0m: 127.0.0.1:8000, [1mhttp.user_agent[0m: Chroma Python Client v1.5.9 (https://github.com/chroma-core/chroma), [1motel.name[0m: "POST /api/v2/tenants/{tenant}/databases/{database}/collections/{collection_id}/get"

  [2m2026-09-30T07:21:20.735438Z[0m [32m INFO[0m  [32mCache miss for collection 48e9ba0a-9719-4833-b753-6fcb41883cd9[0m
    [2;3mat[0m rust\frontend\src\get_collection_with_segments_provider.rs:182
    [2;3min[0m [1mcollection_upsert[0m
    [2;3min[0m [1mHTTP request[0m [2;3mwith[0m [1mhttp.method[0m: POST, [1mhttp.uri[0m: /api/v2/tenants/default_tenant/databases/default_database/collections/48e9ba0a-9719-4833-b753-6fcb41883cd9/upsert, [1mhttp.route[0m: "/api/v2/tenants/{tenant}/databases/{database}/collections/{collection_id}/upsert", [1mhttp.version[0m: HTTP/1.1, [1mhttp.host[0m: 127.0.0.1:8000, [1mhttp.user_agent[0m: Chroma Python Client v1.5.9 (https://github.com/chroma-core/chroma), [1motel.name[0m: "POST /api/v2/tenants/{tenant}/databases/{database}/collections/{collection_id}/upsert"

  [2m2026-09-30T07:21:20.736294Z[0m [32m INFO[0m  [1;32mtenant_name[0m[32m: default_tenant, [1;32mdatabase_name[0m[32m: default_database, [1;32mcollection_id[0m[32m: 48e9ba0a-9719-4833-b753-6fcb41883cd9, [1;32mnum_ids[0m[32m: 16[0m
    [2;3mat[0m rust\frontend\src\server.rs:2323
    [2;3min[0m [1mcollection_upsert[0m
    [2;3min[0m [1mHTTP request[0m [2;3mwith[0m [1mhttp.method[0m: POST, [1mhttp.uri[0m: /api/v2/tenants/default_tenant/databases/default_database/collections/48e9ba0a-9719-4833-b753-6fcb41883cd9/upsert, [1mhttp.route[0m: "/api/v2/tenants/{tenant}/databases/{database}/collections/{collection_id}/upsert", [1mhttp.version[0m: HTTP/1.1, [1mhttp.host[0m: 127.0.0.1:8000, [1mhttp.user_agent[0m: Chroma Python Client v1.5.9 (https://github.com/chroma-core/chroma), [1motel.name[0m: "POST /api/v2/tenants/{tenant}/databases/{database}/collections/{collection_id}/upsert"

  [2m2026-09-30T07:21:20.736335Z[0m [32m INFO[0m  [32mCache miss for collection 48e9ba0a-9719-4833-b753-6fcb41883cd9[0m
    [2;3mat[0m rust\frontend\src\get_collection_with_segments_provider.rs:182
    [2;3min[0m [1mcollection_upsert[0m
    [2;3min[0m [1mHTTP request[0m [2;3mwith[0m [1mhttp.method[0m: POST, [1mhttp.uri[0m: /api/v2/tenants/default_tenant/databases/default_database/collections/48e9ba0a-9719-4833-b753-6fcb41883cd9/upsert, [1mhttp.route[0m: "/api/v2/tenants/{tenant}/databases/{database}/collections/{collection_id}/upsert", [1mhttp.version[0m: HTTP/1.1, [1mhttp.host[0m: 127.0.0.1:8000, [1mhttp.user_agent[0m: Chroma Python Client v1.5.9 (https://github.com/chroma-core/chroma), [1motel.name[0m: "POST /api/v2/tenants/{tenant}/databases/{database}/collections/{collection_id}/upsert"

  [2m2026-09-30T07:21:22.035101Z[0m [32m INFO[0m  [32mCache miss for collection 48e9ba0a-9719-4833-b753-6fcb41883cd9[0m
    [2;3mat[0m rust\frontend\src\get_collection_with_segments_provider.rs:182
    [2;3min[0m [1mcollection_upsert[0m
    [2;3min[0m [1mHTTP request[0m [2;3mwith[0m [1mhttp.method[0m: POST, [1mhttp.uri[0m: /api/v2/tenants/default_tenant/databases/default_database/collections/48e9ba0a-9719-4833-b753-6fcb41883cd9/upsert, [1mhttp.route[0m: "/api/v2/tenants/{tenant}/databases/{database}/collections/{collection_id}/upsert", [1mhttp.version[0m: HTTP/1.1, [1mhttp.host[0m: 127.0.0.1:8000, [1mhttp.user_agent[0m: Chroma Python Client v1.5.9 (https://github.com/chroma-core/chroma), [1motel.name[0m: "POST /api/v2/tenants/{tenant}/databases/{database}/collections/{collection_id}/upsert"

  [2m2026-09-30T07:21:22.035764Z[0m [32m INFO[0m  [1;32mtenant_name[0m[32m: default_tenant, [1;32mdatabase_name[0m[32m: default_database, [1;32mcollection_id[0m[32m: 48e9ba0a-9719-4833-b753-6fcb41883cd9, [1;32mnum_ids[0m[32m: 16[0m
    [2;3mat[0m rust\frontend\src\server.rs:2323
    [2;3min[0m [1mcollection_upsert[0m
    [2;3min[0m [1mHTTP request[0m [2;3mwith[0m [1mhttp.method[0m: POST, [1mhttp.uri[0m: /api/v2/tenants/default_tenant/databases/default_database/collections/48e9ba0a-9719-4833-b753-6fcb41883cd9/upsert, [1mhttp.route[0m: "/api/v2/tenants/{tenant}/databases/{database}/collections/{collection_id}/upsert", [1mhttp.version[0m: HTTP/1.1, [1mhttp.host[0m: 127.0.0.1:8000, [1mhttp.user_agent[0m: Chroma Python Client v1.5.9 (https://github.com/chroma-core/chroma), [1motel.name[0m: "POST /api/v2/tenants/{tenant}/databases/{database}/collections/{collection_id}/upsert"

  [2m2026-09-30T07:21:22.035812Z[0m [32m INFO[0m  [32mCache miss for collection 48e9ba0a-9719-4833-b753-6fcb41883cd9[0m
    [2;3mat[0m rust\frontend\src\get_collection_with_segments_provider.rs:182
    [2;3min[0m [1mcollection_upsert[0m
    [2;3min[0m [1mHTTP request[0m [2;3mwith[0m [1mhttp.method[0m: POST, [1mhttp.uri[0m: /api/v2/tenants/default_tenant/databases/default_database/collections/48e9ba0a-9719-4833-b753-6fcb41883cd9/upsert, [1mhttp.route[0m: "/api/v2/tenants/{tenant}/databases/{database}/collections/{collection_id}/upsert", [1mhttp.version[0m: HTTP/1.1, [1mhttp.host[0m: 127.0.0.1:8000, [1mhttp.user_agent[0m: Chroma Python Client v1.5.9 (https://github.com/chroma-core/chroma), [1motel.name[0m: "POST /api/v2/tenants/{tenant}/databases/{database}/collections/{collection_id}/upsert"

  [2m2026-09-30T07:21:23.252244Z[0m [32m INFO[0m  [32mCache miss for collection 48e9ba0a-9719-4833-b753-6fcb41883cd9[0m
    [2;3mat[0m rust\frontend\src\get_collection_with_segments_provider.rs:182
    [2;3min[0m [1mcollection_upsert[0m
    [2;3min[0m [1mHTTP request[0m [2;3mwith[0m [1mhttp.method[0m: POST, [1mhttp.uri[0m: /api/v2/tenants/default_tenant/databases/default_database/collections/48e9ba0a-9719-4833-b753-6fcb41883cd9/upsert, [1mhttp.route[0m: "/api/v2/tenants/{tenant}/databases/{database}/collections/{collection_id}/upsert", [1mhttp.version[0m: HTTP/1.1, [1mhttp.host[0m: 127.0.0.1:8000, [1mhttp.user_agent[0m: Chroma Python Client v1.5.9 (https://github.com/chroma-core/chroma), [1motel.name[0m: "POST /api/v2/tenants/{tenant}/databases/{database}/collections/{collection_id}/upsert"

  [2m2026-09-30T07:21:23.253054Z[0m [32m INFO[0m  [1;32mtenant_name[0m[32m: default_tenant, [1;32mdatabase_name[0m[32m: default_database, [1;32mcollection_id[0m[32m: 48e9ba0a-9719-4833-b753-6fcb41883cd9, [1;32mnum_ids[0m[32m: 16[0m
    [2;3mat[0m rust\frontend\src\server.rs:2323
    [2;3min[0m [1mcollection_upsert[0m
    [2;3min[0m [1mHTTP request[0m [2;3mwith[0m [1mhttp.method[0m: POST, [1mhttp.uri[0m: /api/v2/tenants/default_tenant/databases/default_database/collections/48e9ba0a-9719-4833-b753-6fcb41883cd9/upsert, [1mhttp.route[0m: "/api/v2/tenants/{tenant}/databases/{database}/collections/{collection_id}/upsert", [1mhttp.version[0m: HTTP/1.1, [1mhttp.host[0m: 127.0.0.1:8000, [1mhttp.user_agent[0m: Chroma Python Client v1.5.9 (https://github.com/chroma-core/chroma), [1motel.name[0m: "POST /api/v2/tenants/{tenant}/databases/{database}/collections/{collection_id}/upsert"

  [2m2026-09-30T07:21:23.253105Z[0m [32m INFO[0m  [32mCache miss for collection 48e9ba0a-9719-4833-b753-6fcb41883cd9[0m
    [2;3mat[0m rust\frontend\src\get_collection_with_segments_provider.rs:182
    [2;3min[0m [1mcollection_upsert[0m
    [2;3min[0m [1mHTTP request[0m [2;3mwith[0m [1mhttp.method[0m: POST, [1mhttp.uri[0m: /api/v2/tenants/default_tenant/databases/default_database/collections/48e9ba0a-9719-4833-b753-6fcb41883cd9/upsert, [1mhttp.route[0m: "/api/v2/tenants/{tenant}/databases/{database}/collections/{collection_id}/upsert", [1mhttp.version[0m: HTTP/1.1, [1mhttp.host[0m: 127.0.0.1:8000, [1mhttp.user_agent[0m: Chroma Python Client v1.5.9 (https://github.com/chroma-core/chroma), [1motel.name[0m: "POST /api/v2/tenants/{tenant}/databases/{database}/collections/{collection_id}/upsert"

  [2m2026-09-30T07:21:24.610921Z[0m [32m INFO[0m  [32mCache miss for collection 48e9ba0a-9719-4833-b753-6fcb41883cd9[0m
    [2;3mat[0m rust\frontend\src\get_collection_with_segments_provider.rs:182
    [2;3min[0m [1mcollection_upsert[0m
    [2;3min[0m [1mHTTP request[0m [2;3mwith[0m [1mhttp.method[0m: POST, [1mhttp.uri[0m: /api/v2/tenants/default_tenant/databases/default_database/collections/48e9ba0a-9719-4833-b753-6fcb41883cd9/upsert, [1mhttp.route[0m: "/api/v2/tenants/{tenant}/databases/{database}/collections/{collection_id}/upsert", [1mhttp.version[0m: HTTP/1.1, [1mhttp.host[0m: 127.0.0.1:8000, [1mhttp.user_agent[0m: Chroma Python Client v1.5.9 (https://github.com/chroma-core/chroma), [1motel.name[0m: "POST /api/v2/tenants/{tenant}/databases/{database}/collections/{collection_id}/upsert"

  [2m2026-09-30T07:21:24.611925Z[0m [32m INFO[0m  [1;32mtenant_name[0m[32m: default_tenant, [1;32mdatabase_name[0m[32m: default_database, [1;32mcollection_id[0m[32m: 48e9ba0a-9719-4833-b753-6fcb41883cd9, [1;32mnum_ids[0m[32m: 16[0m
    [2;3mat[0m rust\frontend\src\server.rs:2323
    [2;3min[0m [1mcollection_upsert[0m
    [2;3min[0m [1mHTTP request[0m [2;3mwith[0m [1mhttp.method[0m: POST, [1mhttp.uri[0m: /api/v2/tenants/default_tenant/databases/default_database/collections/48e9ba0a-9719-4833-b753-6fcb41883cd9/upsert, [1mhttp.route[0m: "/api/v2/tenants/{tenant}/databases/{database}/collections/{collection_id}/upsert", [1mhttp.version[0m: HTTP/1.1, [1mhttp.host[0m: 127.0.0.1:8000, [1mhttp.user_agent[0m: Chroma Python Client v1.5.9 (https://github.com/chroma-core/chroma), [1motel.name[0m: "POST /api/v2/tenants/{tenant}/databases/{database}/collections/{collection_id}/upsert"

  [2m2026-09-30T07:21:24.611969Z[0m [32m INFO[0m  [32mCache miss for collection 48e9ba0a-9719-4833-b753-6fcb41883cd9[0m
    [2;3mat[0m rust\frontend\src\get_collection_with_segments_provider.rs:182
    [2;3min[0m [1mcollection_upsert[0m
    [2;3min[0m [1mHTTP request[0m [2;3mwith[0m [1mhttp.method[0m: POST, [1mhttp.uri[0m: /api/v2/tenants/default_tenant/databases/default_database/collections/48e9ba0a-9719-4833-b753-6fcb41883cd9/upsert, [1mhttp.route[0m: "/api/v2/tenants/{tenant}/databases/{database}/collections/{collection_id}/upsert", [1mhttp.version[0m: HTTP/1.1, [1mhttp.host[0m: 127.0.0.1:8000, [1mhttp.user_agent[0m: Chroma Python Client v1.5.9 (https://github.com/chroma-core/chroma), [1motel.name[0m: "POST /api/v2/tenants/{tenant}/databases/{database}/collections/{collection_id}/upsert"

  [2m2026-09-30T07:21:25.876101Z[0m [32m INFO[0m  [32mCache miss for collection 48e9ba0a-9719-4833-b753-6fcb41883cd9[0m
    [2;3mat[0m rust\frontend\src\get_collection_with_segments_provider.rs:182
    [2;3min[0m [1mcollection_upsert[0m
    [2;3min[0m [1mHTTP request[0m [2;3mwith[0m [1mhttp.method[0m: POST, [1mhttp.uri[0m: /api/v2/tenants/default_tenant/databases/default_database/collections/48e9ba0a-9719-4833-b753-6fcb41883cd9/upsert, [1mhttp.route[0m: "/api/v2/tenants/{tenant}/databases/{database}/collections/{collection_id}/upsert", [1mhttp.version[0m: HTTP/1.1, [1mhttp.host[0m: 127.0.0.1:8000, [1mhttp.user_agent[0m: Chroma Python Client v1.5.9 (https://github.com/chroma-core/chroma), [1motel.name[0m: "POST /api/v2/tenants/{tenant}/databases/{database}/collections/{collection_id}/upsert"

  [2m2026-09-30T07:21:25.876810Z[0m [32m INFO[0m  [1;32mtenant_name[0m[32m: default_tenant, [1;32mdatabase_name[0m[32m: default_database, [1;32mcollection_id[0m[32m: 48e9ba0a-9719-4833-b753-6fcb41883cd9, [1;32mnum_ids[0m[32m: 16[0m
    [2;3mat[0m rust\frontend\src\server.rs:2323
    [2;3min[0m [1mcollection_upsert[0m
    [2;3min[0m [1mHTTP request[0m [2;3mwith[0m [1mhttp.method[0m: POST, [1mhttp.uri[0m: /api/v2/tenants/default_tenant/databases/default_database/collections/48e9ba0a-9719-4833-b753-6fcb41883cd9/upsert, [1mhttp.route[0m: "/api/v2/tenants/{tenant}/databases/{database}/collections/{collection_id}/upsert", [1mhttp.version[0m: HTTP/1.1, [1mhttp.host[0m: 127.0.0.1:8000, [1mhttp.user_agent[0m: Chroma Python Client v1.5.9 (https://github.com/chroma-core/chroma), [1motel.name[0m: "POST /api/v2/tenants/{tenant}/databases/{database}/collections/{collection_id}/upsert"

  [2m2026-09-30T07:21:25.876853Z[0m [32m INFO[0m  [32mCache miss for collection 48e9ba0a-9719-4833-b753-6fcb41883cd9[0m
    [2;3mat[0m rust\frontend\src\get_collection_with_segments_provider.rs:182
    [2;3min[0m [1mcollection_upsert[0m
    [2;3min[0m [1mHTTP request[0m [2;3mwith[0m [1mhttp.method[0m: POST, [1mhttp.uri[0m: /api/v2/tenants/default_tenant/databases/default_database/collections/48e9ba0a-9719-4833-b753-6fcb41883cd9/upsert, [1mhttp.route[0m: "/api/v2/tenants/{tenant}/databases/{database}/collections/{collection_id}/upsert", [1mhttp.version[0m: HTTP/1.1, [1mhttp.host[0m: 127.0.0.1:8000, [1mhttp.user_agent[0m: Chroma Python Client v1.5.9 (https://github.com/chroma-core/chroma), [1motel.name[0m: "POST /api/v2/tenants/{tenant}/databases/{database}/collections/{collection_id}/upsert"

  [2m2026-09-30T07:21:27.042967Z[0m [32m INFO[0m  [32mCache miss for collection 48e9ba0a-9719-4833-b753-6fcb41883cd9[0m
    [2;3mat[0m rust\frontend\src\get_collection_with_segments_provider.rs:182
    [2;3min[0m [1mcollection_upsert[0m
    [2;3min[0m [1mHTTP request[0m [2;3mwith[0m [1mhttp.method[0m: POST, [1mhttp.uri[0m: /api/v2/tenants/default_tenant/databases/default_database/collections/48e9ba0a-9719-4833-b753-6fcb41883cd9/upsert, [1mhttp.route[0m: "/api/v2/tenants/{tenant}/databases/{database}/collections/{collection_id}/upsert", [1mhttp.version[0m: HTTP/1.1, [1mhttp.host[0m: 127.0.0.1:8000, [1mhttp.user_agent[0m: Chroma Python Client v1.5.9 (https://github.com/chroma-core/chroma), [1motel.name[0m: "POST /api/v2/tenants/{tenant}/databases/{database}/collections/{collection_id}/upsert"

  [2m2026-09-30T07:21:27.043708Z[0m [32m INFO[0m  [1;32mtenant_name[0m[32m: default_tenant, [1;32mdatabase_name[0m[32m: default_database, [1;32mcollection_id[0m[32m: 48e9ba0a-9719-4833-b753-6fcb41883cd9, [1;32mnum_ids[0m[32m: 16[0m
    [2;3mat[0m rust\frontend\src\server.rs:2323
    [2;3min[0m [1mcollection_upsert[0m
    [2;3min[0m [1mHTTP request[0m [2;3mwith[0m [1mhttp.method[0m: POST, [1mhttp.uri[0m: /api/v2/tenants/default_tenant/databases/default_database/collections/48e9ba0a-9719-4833-b753-6fcb41883cd9/upsert, [1mhttp.route[0m: "/api/v2/tenants/{tenant}/databases/{database}/collections/{collection_id}/upsert", [1mhttp.version[0m: HTTP/1.1, [1mhttp.host[0m: 127.0.0.1:8000, [1mhttp.user_agent[0m: Chroma Python Client v1.5.9 (https://github.com/chroma-core/chroma), [1motel.name[0m: "POST /api/v2/tenants/{tenant}/databases/{database}/collections/{collection_id}/upsert"

  [2m2026-09-30T07:21:27.043750Z[0m [32m INFO[0m  [32mCache miss for collection 48e9ba0a-9719-4833-b753-6fcb41883cd9[0m
    [2;3mat[0m rust\frontend\src\get_collection_with_segments_provider.rs:182
    [2;3min[0m [1mcollection_upsert[0m
    [2;3min[0m [1mHTTP request[0m [2;3mwith[0m [1mhttp.method[0m: POST, [1mhttp.uri[0m: /api/v2/tenants/default_tenant/databases/default_database/collections/48e9ba0a-9719-4833-b753-6fcb41883cd9/upsert, [1mhttp.route[0m: "/api/v2/tenants/{tenant}/databases/{database}/collections/{collection_id}/upsert", [1mhttp.version[0m: HTTP/1.1, [1mhttp.host[0m: 127.0.0.1:8000, [1mhttp.user_agent[0m: Chroma Python Client v1.5.9 (https://github.com/chroma-core/chroma), [1motel.name[0m: "POST /api/v2/tenants/{tenant}/databases/{database}/collections/{collection_id}/upsert"

  [2m2026-09-30T07:21:28.123501Z[0m [32m INFO[0m  [32mCache miss for collection 48e9ba0a-9719-4833-b753-6fcb41883cd9[0m
    [2;3mat[0m rust\frontend\src\get_collection_with_segments_provider.rs:182
    [2;3min[0m [1mcollection_upsert[0m
    [2;3min[0m [1mHTTP request[0m [2;3mwith[0m [1mhttp.method[0m: POST, [1mhttp.uri[0m: /api/v2/tenants/default_tenant/databases/default_database/collections/48e9ba0a-9719-4833-b753-6fcb41883cd9/upsert, [1mhttp.route[0m: "/api/v2/tenants/{tenant}/databases/{database}/collections/{collection_id}/upsert", [1mhttp.version[0m: HTTP/1.1, [1mhttp.host[0m: 127.0.0.1:8000, [1mhttp.user_agent[0m: Chroma Python Client v1.5.9 (https://github.com/chroma-core/chroma), [1motel.name[0m: "POST /api/v2/tenants/{tenant}/databases/{database}/collections/{collection_id}/upsert"

  [2m2026-09-30T07:21:28.124082Z[0m [32m INFO[0m  [1;32mtenant_name[0m[32m: default_tenant, [1;32mdatabase_name[0m[32m: default_database, [1;32mcollection_id[0m[32m: 48e9ba0a-9719-4833-b753-6fcb41883cd9, [1;32mnum_ids[0m[32m: 10[0m
    [2;3mat[0m rust\frontend\src\server.rs:2323
    [2;3min[0m [1mcollection_upsert[0m
    [2;3min[0m [1mHTTP request[0m [2;3mwith[0m [1mhttp.method[0m: POST, [1mhttp.uri[0m: /api/v2/tenants/default_tenant/databases/default_database/collections/48e9ba0a-9719-4833-b753-6fcb41883cd9/upsert, [1mhttp.route[0m: "/api/v2/tenants/{tenant}/databases/{database}/collections/{collection_id}/upsert", [1mhttp.version[0m: HTTP/1.1, [1mhttp.host[0m: 127.0.0.1:8000, [1mhttp.user_agent[0m: Chroma Python Client v1.5.9 (https://github.com/chroma-core/chroma), [1motel.name[0m: "POST /api/v2/tenants/{tenant}/databases/{database}/collections/{collection_id}/upsert"

  [2m2026-09-30T07:21:28.124119Z[0m [32m INFO[0m  [32mCache miss for collection 48e9ba0a-9719-4833-b753-6fcb41883cd9[0m
    [2;3mat[0m rust\frontend\src\get_collection_with_segments_provider.rs:182
    [2;3min[0m [1mcollection_upsert[0m
    [2;3min[0m [1mHTTP request[0m [2;3mwith[0m [1mhttp.method[0m: POST, [1mhttp.uri[0m: /api/v2/tenants/default_tenant/databases/default_database/collections/48e9ba0a-9719-4833-b753-6fcb41883cd9/upsert, [1mhttp.route[0m: "/api/v2/tenants/{tenant}/databases/{database}/collections/{collection_id}/upsert", [1mhttp.version[0m: HTTP/1.1, [1mhttp.host[0m: 127.0.0.1:8000, [1mhttp.user_agent[0m: Chroma Python Client v1.5.9 (https://github.com/chroma-core/chroma), [1motel.name[0m: "POST /api/v2/tenants/{tenant}/databases/{database}/collections/{collection_id}/upsert"

  [2m2026-09-30T07:21:30.155530Z[0m [32m INFO[0m  [1;32mtenant_name[0m[32m: default_tenant[0m
    [2;3mat[0m rust\frontend\src\server.rs:757
    [2;3min[0m [1mHTTP request[0m [2;3mwith[0m [1mhttp.method[0m: GET, [1mhttp.uri[0m: /api/v2/tenants/default_tenant, [1mhttp.route[0m: "/api/v2/tenants/{tenant_name}", [1mhttp.version[0m: HTTP/1.1, [1mhttp.host[0m: 127.0.0.1:8000, [1mhttp.user_agent[0m: Chroma Python Client v1.5.9 (https://github.com/chroma-core/chroma), [1motel.name[0m: "GET /api/v2/tenants/{tenant_name}"

  [2m2026-09-30T07:21:30.156482Z[0m [32m INFO[0m  [1;32mtenant_name[0m[32m: default_tenant, [1;32mdatabase_name[0m[32m: default_database[0m
    [2;3mat[0m rust\frontend\src\server.rs:1015
    [2;3min[0m [1mHTTP request[0m [2;3mwith[0m [1mhttp.method[0m: GET, [1mhttp.uri[0m: /api/v2/tenants/default_tenant/databases/default_database, [1mhttp.route[0m: "/api/v2/tenants/{tenant}/databases/{database}", [1mhttp.version[0m: HTTP/1.1, [1mhttp.host[0m: 127.0.0.1:8000, [1mhttp.user_agent[0m: Chroma Python Client v1.5.9 (https://github.com/chroma-core/chroma), [1motel.name[0m: "GET /api/v2/tenants/{tenant}/databases/{database}"

  [2m2026-09-30T07:21:30.157816Z[0m [32m INFO[0m  [1;32mtenant_name[0m[32m: default_tenant, [1;32mdatabase_name[0m[32m: default_database[0m
    [2;3mat[0m rust\frontend\src\server.rs:1315
    [2;3min[0m [1mHTTP request[0m [2;3mwith[0m [1mhttp.method[0m: POST, [1mhttp.uri[0m: /api/v2/tenants/default_tenant/databases/default_database/collections, [1mhttp.route[0m: "/api/v2/tenants/{tenant}/databases/{database}/collections", [1mhttp.version[0m: HTTP/1.1, [1mhttp.host[0m: 127.0.0.1:8000, [1mhttp.user_agent[0m: Chroma Python Client v1.5.9 (https://github.com/chroma-core/chroma), [1motel.name[0m: "POST /api/v2/tenants/{tenant}/databases/{database}/collections"

  [2m2026-09-30T07:21:30.159502Z[0m [32m INFO[0m  [1;32mtenant[0m[32m: "default_tenant", [1;32mdatabase[0m[32m: "default_database", [1;32mcollection_id[0m[32m: "48e9ba0a-9719-4833-b753-6fcb41883cd9"[0m
    [2;3mat[0m rust\frontend\src\server.rs:2535
    [2;3min[0m [1mHTTP request[0m [2;3mwith[0m [1mhttp.method[0m: GET, [1mhttp.uri[0m: /api/v2/tenants/default_tenant/databases/default_database/collections/48e9ba0a-9719-4833-b753-6fcb41883cd9/count?read_level=index_and_wal, [1mhttp.route[0m: "/api/v2/tenants/{tenant}/databases/{database}/collections/{collection_id}/count", [1mhttp.version[0m: HTTP/1.1, [1mhttp.host[0m: 127.0.0.1:8000, [1mhttp.user_agent[0m: Chroma Python Client v1.5.9 (https://github.com/chroma-core/chroma), [1motel.name[0m: "GET /api/v2/tenants/{tenant}/databases/{database}/collections/{collection_id}/count"

  [2m2026-09-30T07:21:30.159528Z[0m [32m INFO[0m  [32mCache miss for collection 48e9ba0a-9719-4833-b753-6fcb41883cd9[0m
    [2;3mat[0m rust\frontend\src\get_collection_with_segments_provider.rs:182
    [2;3min[0m [1mHTTP request[0m [2;3mwith[0m [1mhttp.method[0m: GET, [1mhttp.uri[0m: /api/v2/tenants/default_tenant/databases/default_database/collections/48e9ba0a-9719-4833-b753-6fcb41883cd9/count?read_level=index_and_wal, [1mhttp.route[0m: "/api/v2/tenants/{tenant}/databases/{database}/collections/{collection_id}/count", [1mhttp.version[0m: HTTP/1.1, [1mhttp.host[0m: 127.0.0.1:8000, [1mhttp.user_agent[0m: Chroma Python Client v1.5.9 (https://github.com/chroma-core/chroma), [1motel.name[0m: "GET /api/v2/tenants/{tenant}/databases/{database}/collections/{collection_id}/count"

  [2m2026-09-30T07:21:30.160190Z[0m [32m INFO[0m  [32mCache miss for collection 48e9ba0a-9719-4833-b753-6fcb41883cd9[0m
    [2;3mat[0m rust\frontend\src\get_collection_with_segments_provider.rs:182
    [2;3min[0m [1mHTTP request[0m [2;3mwith[0m [1mhttp.method[0m: GET, [1mhttp.uri[0m: /api/v2/tenants/default_tenant/databases/default_database/collections/48e9ba0a-9719-4833-b753-6fcb41883cd9/count?read_level=index_and_wal, [1mhttp.route[0m: "/api/v2/tenants/{tenant}/databases/{database}/collections/{collection_id}/count", [1mhttp.version[0m: HTTP/1.1, [1mhttp.host[0m: 127.0.0.1:8000, [1mhttp.user_agent[0m: Chroma Python Client v1.5.9 (https://github.com/chroma-core/chroma), [1motel.name[0m: "GET /api/v2/tenants/{tenant}/databases/{database}/collections/{collection_id}/count"

  [2m2026-09-30T07:21:30.510065Z[0m [32m INFO[0m  [32mCache miss for collection 48e9ba0a-9719-4833-b753-6fcb41883cd9[0m
    [2;3mat[0m rust\frontend\src\get_collection_with_segments_provider.rs:182
    [2;3min[0m [1mHTTP request[0m [2;3mwith[0m [1mhttp.method[0m: POST, [1mhttp.uri[0m: /api/v2/tenants/default_tenant/databases/default_database/collections/48e9ba0a-9719-4833-b753-6fcb41883cd9/query, [1mhttp.route[0m: "/api/v2/tenants/{tenant}/databases/{database}/collections/{collection_id}/query", [1mhttp.version[0m: HTTP/1.1, [1mhttp.host[0m: 127.0.0.1:8000, [1mhttp.user_agent[0m: Chroma Python Client v1.5.9 (https://github.com/chroma-core/chroma), [1motel.name[0m: "POST /api/v2/tenants/{tenant}/databases/{database}/collections/{collection_id}/query"

  [2m2026-09-30T07:21:30.510741Z[0m [32m INFO[0m  [1;32mnum_ids[0m[32m: 0, [1;32mnum_embeddings[0m[32m: 1, [1;32minclude[0m[32m: IncludeList([Document, Metadata, Distance]), [1;32mhas_where[0m[32m: true[0m
    [2;3mat[0m rust\frontend\src\server.rs:3037
    [2;3min[0m [1mHTTP request[0m [2;3mwith[0m [1mhttp.method[0m: POST, [1mhttp.uri[0m: /api/v2/tenants/default_tenant/databases/default_database/collections/48e9ba0a-9719-4833-b753-6fcb41883cd9/query, [1mhttp.route[0m: "/api/v2/tenants/{tenant}/databases/{database}/collections/{collection_id}/query", [1mhttp.version[0m: HTTP/1.1, [1mhttp.host[0m: 127.0.0.1:8000, [1mhttp.user_agent[0m: Chroma Python Client v1.5.9 (https://github.com/chroma-core/chroma), [1motel.name[0m: "POST /api/v2/tenants/{tenant}/databases/{database}/collections/{collection_id}/query"

  [2m2026-09-30T07:21:30.510769Z[0m [32m INFO[0m  [32mCache miss for collection 48e9ba0a-9719-4833-b753-6fcb41883cd9[0m
    [2;3mat[0m rust\frontend\src\get_collection_with_segments_provider.rs:182
    [2;3min[0m [1mHTTP request[0m [2;3mwith[0m [1mhttp.method[0m: POST, [1mhttp.uri[0m: /api/v2/tenants/default_tenant/databases/default_database/collections/48e9ba0a-9719-4833-b753-6fcb41883cd9/query, [1mhttp.route[0m: "/api/v2/tenants/{tenant}/databases/{database}/collections/{collection_id}/query", [1mhttp.version[0m: HTTP/1.1, [1mhttp.host[0m: 127.0.0.1:8000, [1mhttp.user_agent[0m: Chroma Python Client v1.5.9 (https://github.com/chroma-core/chroma), [1motel.name[0m: "POST /api/v2/tenants/{tenant}/databases/{database}/collections/{collection_id}/query"

  [2m2026-09-30T07:21:30.511472Z[0m [32m INFO[0m  [32mCache miss for collection 48e9ba0a-9719-4833-b753-6fcb41883cd9[0m
    [2;3mat[0m rust\frontend\src\get_collection_with_segments_provider.rs:182
    [2;3min[0m [1mHTTP request[0m [2;3mwith[0m [1mhttp.method[0m: POST, [1mhttp.uri[0m: /api/v2/tenants/default_tenant/databases/default_database/collections/48e9ba0a-9719-4833-b753-6fcb41883cd9/query, [1mhttp.route[0m: "/api/v2/tenants/{tenant}/databases/{database}/collections/{collection_id}/query", [1mhttp.version[0m: HTTP/1.1, [1mhttp.host[0m: 127.0.0.1:8000, [1mhttp.user_agent[0m: Chroma Python Client v1.5.9 (https://github.com/chroma-core/chroma), [1motel.name[0m: "POST /api/v2/tenants/{tenant}/databases/{database}/collections/{collection_id}/query"

  [2m2026-09-30T07:21:30.527246Z[0m [32m INFO[0m  [1;32mtenant[0m[32m: "default_tenant", [1;32mdatabase[0m[32m: "default_database", [1;32mcollection_id[0m[32m: "48e9ba0a-9719-4833-b753-6fcb41883cd9"[0m
    [2;3mat[0m rust\frontend\src\server.rs:2535
    [2;3min[0m [1mHTTP request[0m [2;3mwith[0m [1mhttp.method[0m: GET, [1mhttp.uri[0m: /api/v2/tenants/default_tenant/databases/default_database/collections/48e9ba0a-9719-4833-b753-6fcb41883cd9/count?read_level=index_and_wal, [1mhttp.route[0m: "/api/v2/tenants/{tenant}/databases/{database}/collections/{collection_id}/count", [1mhttp.version[0m: HTTP/1.1, [1mhttp.host[0m: 127.0.0.1:8000, [1mhttp.user_agent[0m: Chroma Python Client v1.5.9 (https://github.com/chroma-core/chroma), [1motel.name[0m: "GET /api/v2/tenants/{tenant}/databases/{database}/collections/{collection_id}/count"

  [2m2026-09-30T07:21:30.527278Z[0m [32m INFO[0m  [32mCache miss for collection 48e9ba0a-9719-4833-b753-6fcb41883cd9[0m
    [2;3mat[0m rust\frontend\src\get_collection_with_segments_provider.rs:182
    [2;3min[0m [1mHTTP request[0m [2;3mwith[0m [1mhttp.method[0m: GET, [1mhttp.uri[0m: /api/v2/tenants/default_tenant/databases/default_database/collections/48e9ba0a-9719-4833-b753-6fcb41883cd9/count?read_level=index_and_wal, [1mhttp.route[0m: "/api/v2/tenants/{tenant}/databases/{database}/collections/{collection_id}/count", [1mhttp.version[0m: HTTP/1.1, [1mhttp.host[0m: 127.0.0.1:8000, [1mhttp.user_agent[0m: Chroma Python Client v1.5.9 (https://github.com/chroma-core/chroma), [1motel.name[0m: "GET /api/v2/tenants/{tenant}/databases/{database}/collections/{collection_id}/count"

  [2m2026-09-30T07:21:30.527965Z[0m [32m INFO[0m  [32mCache miss for collection 48e9ba0a-9719-4833-b753-6fcb41883cd9[0m
    [2;3mat[0m rust\frontend\src\get_collection_with_segments_provider.rs:182
    [2;3min[0m [1mHTTP request[0m [2;3mwith[0m [1mhttp.method[0m: GET, [1mhttp.uri[0m: /api/v2/tenants/default_tenant/databases/default_database/collections/48e9ba0a-9719-4833-b753-6fcb41883cd9/count?read_level=index_and_wal, [1mhttp.route[0m: "/api/v2/tenants/{tenant}/databases/{database}/collections/{collection_id}/count", [1mhttp.version[0m: HTTP/1.1, [1mhttp.host[0m: 127.0.0.1:8000, [1mhttp.user_agent[0m: Chroma Python Client v1.5.9 (https://github.com/chroma-core/chroma), [1motel.name[0m: "GET /api/v2/tenants/{tenant}/databases/{database}/collections/{collection_id}/count"

  [2m2026-09-30T07:21:30.826945Z[0m [32m INFO[0m  [32mCache miss for collection 48e9ba0a-9719-4833-b753-6fcb41883cd9[0m
    [2;3mat[0m rust\frontend\src\get_collection_with_segments_provider.rs:182
    [2;3min[0m [1mHTTP request[0m [2;3mwith[0m [1mhttp.method[0m: POST, [1mhttp.uri[0m: /api/v2/tenants/default_tenant/databases/default_database/collections/48e9ba0a-9719-4833-b753-6fcb41883cd9/query, [1mhttp.route[0m: "/api/v2/tenants/{tenant}/databases/{database}/collections/{collection_id}/query", [1mhttp.version[0m: HTTP/1.1, [1mhttp.host[0m: 127.0.0.1:8000, [1mhttp.user_agent[0m: Chroma Python Client v1.5.9 (https://github.com/chroma-core/chroma), [1motel.name[0m: "POST /api/v2/tenants/{tenant}/databases/{database}/collections/{collection_id}/query"

  [2m2026-09-30T07:21:30.827523Z[0m [32m INFO[0m  [1;32mnum_ids[0m[32m: 0, [1;32mnum_embeddings[0m[32m: 1, [1;32minclude[0m[32m: IncludeList([Document, Metadata, Distance]), [1;32mhas_where[0m[32m: true[0m
    [2;3mat[0m rust\frontend\src\server.rs:3037
    [2;3min[0m [1mHTTP request[0m [2;3mwith[0m [1mhttp.method[0m: POST, [1mhttp.uri[0m: /api/v2/tenants/default_tenant/databases/default_database/collections/48e9ba0a-9719-4833-b753-6fcb41883cd9/query, [1mhttp.route[0m: "/api/v2/tenants/{tenant}/databases/{database}/collections/{collection_id}/query", [1mhttp.version[0m: HTTP/1.1, [1mhttp.host[0m: 127.0.0.1:8000, [1mhttp.user_agent[0m: Chroma Python Client v1.5.9 (https://github.com/chroma-core/chroma), [1motel.name[0m: "POST /api/v2/tenants/{tenant}/databases/{database}/collections/{collection_id}/query"

  [2m2026-09-30T07:21:30.827546Z[0m [32m INFO[0m  [32mCache miss for collection 48e9ba0a-9719-4833-b753-6fcb41883cd9[0m
    [2;3mat[0m rust\frontend\src\get_collection_with_segments_provider.rs:182
    [2;3min[0m [1mHTTP request[0m [2;3mwith[0m [1mhttp.method[0m: POST, [1mhttp.uri[0m: /api/v2/tenants/default_tenant/databases/default_database/collections/48e9ba0a-9719-4833-b753-6fcb41883cd9/query, [1mhttp.route[0m: "/api/v2/tenants/{tenant}/databases/{database}/collections/{collection_id}/query", [1mhttp.version[0m: HTTP/1.1, [1mhttp.host[0m: 127.0.0.1:8000, [1mhttp.user_agent[0m: Chroma Python Client v1.5.9 (https://github.com/chroma-core/chroma), [1motel.name[0m: "POST /api/v2/tenants/{tenant}/databases/{database}/collections/{collection_id}/query"

  [2m2026-09-30T07:21:30.828091Z[0m [32m INFO[0m  [32mCache miss for collection 48e9ba0a-9719-4833-b753-6fcb41883cd9[0m
    [2;3mat[0m rust\frontend\src\get_collection_with_segments_provider.rs:182
    [2;3min[0m [1mHTTP request[0m [2;3mwith[0m [1mhttp.method[0m: POST, [1mhttp.uri[0m: /api/v2/tenants/default_tenant/databases/default_database/collections/48e9ba0a-9719-4833-b753-6fcb41883cd9/query, [1mhttp.route[0m: "/api/v2/tenants/{tenant}/databases/{database}/collections/{collection_id}/query", [1mhttp.version[0m: HTTP/1.1, [1mhttp.host[0m: 127.0.0.1:8000, [1mhttp.user_agent[0m: Chroma Python Client v1.5.9 (https://github.com/chroma-core/chroma), [1motel.name[0m: "POST /api/v2/tenants/{tenant}/databases/{database}/collections/{collection_id}/query"

  [2m2026-09-30T07:22:53.361280Z[0m [32m INFO[0m  [1;32mtenant_name[0m[32m: default_tenant[0m
    [2;3mat[0m rust\frontend\src\server.rs:757
    [2;3min[0m [1mHTTP request[0m [2;3mwith[0m [1mhttp.method[0m: GET, [1mhttp.uri[0m: /api/v2/tenants/default_tenant, [1mhttp.route[0m: "/api/v2/tenants/{tenant_name}", [1mhttp.version[0m: HTTP/1.1, [1mhttp.host[0m: 127.0.0.1:8000, [1mhttp.user_agent[0m: Chroma Python Client v1.5.9 (https://github.com/chroma-core/chroma), [1motel.name[0m: "GET /api/v2/tenants/{tenant_name}"

  [2m2026-09-30T07:22:53.362103Z[0m [32m INFO[0m  [1;32mtenant_name[0m[32m: default_tenant, [1;32mdatabase_name[0m[32m: default_database[0m
    [2;3mat[0m rust\frontend\src\server.rs:1015
    [2;3min[0m [1mHTTP request[0m [2;3mwith[0m [1mhttp.method[0m: GET, [1mhttp.uri[0m: /api/v2/tenants/default_tenant/databases/default_database, [1mhttp.route[0m: "/api/v2/tenants/{tenant}/databases/{database}", [1mhttp.version[0m: HTTP/1.1, [1mhttp.host[0m: 127.0.0.1:8000, [1mhttp.user_agent[0m: Chroma Python Client v1.5.9 (https://github.com/chroma-core/chroma), [1motel.name[0m: "GET /api/v2/tenants/{tenant}/databases/{database}"

  [2m2026-09-30T07:22:53.363226Z[0m [32m INFO[0m  [1;32mtenant_name[0m[32m: default_tenant, [1;32mdatabase_name[0m[32m: default_database[0m
    [2;3mat[0m rust\frontend\src\server.rs:1315
    [2;3min[0m [1mHTTP request[0m [2;3mwith[0m [1mhttp.method[0m: POST, [1mhttp.uri[0m: /api/v2/tenants/default_tenant/databases/default_database/collections, [1mhttp.route[0m: "/api/v2/tenants/{tenant}/databases/{database}/collections", [1mhttp.version[0m: HTTP/1.1, [1mhttp.host[0m: 127.0.0.1:8000, [1mhttp.user_agent[0m: Chroma Python Client v1.5.9 (https://github.com/chroma-core/chroma), [1motel.name[0m: "POST /api/v2/tenants/{tenant}/databases/{database}/collections"

  [2m2026-09-30T07:22:53.364865Z[0m [32m INFO[0m  [1;32mtenant[0m[32m: "default_tenant", [1;32mdatabase[0m[32m: "default_database", [1;32mcollection_id[0m[32m: "48e9ba0a-9719-4833-b753-6fcb41883cd9"[0m
    [2;3mat[0m rust\frontend\src\server.rs:2535
    [2;3min[0m [1mHTTP request[0m [2;3mwith[0m [1mhttp.method[0m: GET, [1mhttp.uri[0m: /api/v2/tenants/default_tenant/databases/default_database/collections/48e9ba0a-9719-4833-b753-6fcb41883cd9/count?read_level=index_and_wal, [1mhttp.route[0m: "/api/v2/tenants/{tenant}/databases/{database}/collections/{collection_id}/count", [1mhttp.version[0m: HTTP/1.1, [1mhttp.host[0m: 127.0.0.1:8000, [1mhttp.user_agent[0m: Chroma Python Client v1.5.9 (https://github.com/chroma-core/chroma), [1motel.name[0m: "GET /api/v2/tenants/{tenant}/databases/{database}/collections/{collection_id}/count"

  [2m2026-09-30T07:22:53.364895Z[0m [32m INFO[0m  [32mCache miss for collection 48e9ba0a-9719-4833-b753-6fcb41883cd9[0m
    [2;3mat[0m rust\frontend\src\get_collection_with_segments_provider.rs:182
    [2;3min[0m [1mHTTP request[0m [2;3mwith[0m [1mhttp.method[0m: GET, [1mhttp.uri[0m: /api/v2/tenants/default_tenant/databases/default_database/collections/48e9ba0a-9719-4833-b753-6fcb41883cd9/count?read_level=index_and_wal, [1mhttp.route[0m: "/api/v2/tenants/{tenant}/databases/{database}/collections/{collection_id}/count", [1mhttp.version[0m: HTTP/1.1, [1mhttp.host[0m: 127.0.0.1:8000, [1mhttp.user_agent[0m: Chroma Python Client v1.5.9 (https://github.com/chroma-core/chroma), [1motel.name[0m: "GET /api/v2/tenants/{tenant}/databases/{database}/collections/{collection_id}/count"

  [2m2026-09-30T07:22:53.365367Z[0m [32m INFO[0m  [32mCache miss for collection 48e9ba0a-9719-4833-b753-6fcb41883cd9[0m
    [2;3mat[0m rust\frontend\src\get_collection_with_segments_provider.rs:182
    [2;3min[0m [1mHTTP request[0m [2;3mwith[0m [1mhttp.method[0m: GET, [1mhttp.uri[0m: /api/v2/tenants/default_tenant/databases/default_database/collections/48e9ba0a-9719-4833-b753-6fcb41883cd9/count?read_level=index_and_wal, [1mhttp.route[0m: "/api/v2/tenants/{tenant}/databases/{database}/collections/{collection_id}/count", [1mhttp.version[0m: HTTP/1.1, [1mhttp.host[0m: 127.0.0.1:8000, [1mhttp.user_agent[0m: Chroma Python Client v1.5.9 (https://github.com/chroma-core/chroma), [1motel.name[0m: "GET /api/v2/tenants/{tenant}/databases/{database}/collections/{collection_id}/count"

  [2m2026-09-30T07:22:53.367632Z[0m [32m INFO[0m  [32mCache miss for collection 48e9ba0a-9719-4833-b753-6fcb41883cd9[0m
    [2;3mat[0m rust\frontend\src\get_collection_with_segments_provider.rs:182
    [2;3min[0m [1mHTTP request[0m [2;3mwith[0m [1mhttp.method[0m: POST, [1mhttp.uri[0m: /api/v2/tenants/default_tenant/databases/default_database/collections/48e9ba0a-9719-4833-b753-6fcb41883cd9/get, [1mhttp.route[0m: "/api/v2/tenants/{tenant}/databases/{database}/collections/{collection_id}/get", [1mhttp.version[0m: HTTP/1.1, [1mhttp.host[0m: 127.0.0.1:8000, [1mhttp.user_agent[0m: Chroma Python Client v1.5.9 (https://github.com/chroma-core/chroma), [1motel.name[0m: "POST /api/v2/tenants/{tenant}/databases/{database}/collections/{collection_id}/get"

  [2m2026-09-30T07:22:53.368096Z[0m [32m INFO[0m  [1;32mnum_ids[0m[32m: 898, [1;32minclude[0m[32m: IncludeList([Document, Metadata]), [1;32mhas_where[0m[32m: false[0m
    [2;3mat[0m rust\frontend\src\server.rs:2860
    [2;3min[0m [1mHTTP request[0m [2;3mwith[0m [1mhttp.method[0m: POST, [1mhttp.uri[0m: /api/v2/tenants/default_tenant/databases/default_database/collections/48e9ba0a-9719-4833-b753-6fcb41883cd9/get, [1mhttp.route[0m: "/api/v2/tenants/{tenant}/databases/{database}/collections/{collection_id}/get", [1mhttp.version[0m: HTTP/1.1, [1mhttp.host[0m: 127.0.0.1:8000, [1mhttp.user_agent[0m: Chroma Python Client v1.5.9 (https://github.com/chroma-core/chroma), [1motel.name[0m: "POST /api/v2/tenants/{tenant}/databases/{database}/collections/{collection_id}/get"

  [2m2026-09-30T07:22:53.368116Z[0m [32m INFO[0m  [32mCache miss for collection 48e9ba0a-9719-4833-b753-6fcb41883cd9[0m
    [2;3mat[0m rust\frontend\src\get_collection_with_segments_provider.rs:182
    [2;3min[0m [1mHTTP request[0m [2;3mwith[0m [1mhttp.method[0m: POST, [1mhttp.uri[0m: /api/v2/tenants/default_tenant/databases/default_database/collections/48e9ba0a-9719-4833-b753-6fcb41883cd9/get, [1mhttp.route[0m: "/api/v2/tenants/{tenant}/databases/{database}/collections/{collection_id}/get", [1mhttp.version[0m: HTTP/1.1, [1mhttp.host[0m: 127.0.0.1:8000, [1mhttp.user_agent[0m: Chroma Python Client v1.5.9 (https://github.com/chroma-core/chroma), [1motel.name[0m: "POST /api/v2/tenants/{tenant}/databases/{database}/collections/{collection_id}/get"

  [2m2026-09-30T07:22:54.115927Z[0m [32m INFO[0m  [32mCache miss for collection 48e9ba0a-9719-4833-b753-6fcb41883cd9[0m
    [2;3mat[0m rust\frontend\src\get_collection_with_segments_provider.rs:182
    [2;3min[0m [1mcollection_upsert[0m
    [2;3min[0m [1mHTTP request[0m [2;3mwith[0m [1mhttp.method[0m: POST, [1mhttp.uri[0m: /api/v2/tenants/default_tenant/databases/default_database/collections/48e9ba0a-9719-4833-b753-6fcb41883cd9/upsert, [1mhttp.route[0m: "/api/v2/tenants/{tenant}/databases/{database}/collections/{collection_id}/upsert", [1mhttp.version[0m: HTTP/1.1, [1mhttp.host[0m: 127.0.0.1:8000, [1mhttp.user_agent[0m: Chroma Python Client v1.5.9 (https://github.com/chroma-core/chroma), [1motel.name[0m: "POST /api/v2/tenants/{tenant}/databases/{database}/collections/{collection_id}/upsert"

  [2m2026-09-30T07:22:54.116711Z[0m [32m INFO[0m  [1;32mtenant_name[0m[32m: default_tenant, [1;32mdatabase_name[0m[32m: default_database, [1;32mcollection_id[0m[32m: 48e9ba0a-9719-4833-b753-6fcb41883cd9, [1;32mnum_ids[0m[32m: 16[0m
    [2;3mat[0m rust\frontend\src\server.rs:2323
    [2;3min[0m [1mcollection_upsert[0m
    [2;3min[0m [1mHTTP request[0m [2;3mwith[0m [1mhttp.method[0m: POST, [1mhttp.uri[0m: /api/v2/tenants/default_tenant/databases/default_database/collections/48e9ba0a-9719-4833-b753-6fcb41883cd9/upsert, [1mhttp.route[0m: "/api/v2/tenants/{tenant}/databases/{database}/collections/{collection_id}/upsert", [1mhttp.version[0m: HTTP/1.1, [1mhttp.host[0m: 127.0.0.1:8000, [1mhttp.user_agent[0m: Chroma Python Client v1.5.9 (https://github.com/chroma-core/chroma), [1motel.name[0m: "POST /api/v2/tenants/{tenant}/databases/{database}/collections/{collection_id}/upsert"

  [2m2026-09-30T07:22:54.116757Z[0m [32m INFO[0m  [32mCache miss for collection 48e9ba0a-9719-4833-b753-6fcb41883cd9[0m
    [2;3mat[0m rust\frontend\src\get_collection_with_segments_provider.rs:182
    [2;3min[0m [1mcollection_upsert[0m
    [2;3min[0m [1mHTTP request[0m [2;3mwith[0m [1mhttp.method[0m: POST, [1mhttp.uri[0m: /api/v2/tenants/default_tenant/databases/default_database/collections/48e9ba0a-9719-4833-b753-6fcb41883cd9/upsert, [1mhttp.route[0m: "/api/v2/tenants/{tenant}/databases/{database}/collections/{collection_id}/upsert", [1mhttp.version[0m: HTTP/1.1, [1mhttp.host[0m: 127.0.0.1:8000, [1mhttp.user_agent[0m: Chroma Python Client v1.5.9 (https://github.com/chroma-core/chroma), [1motel.name[0m: "POST /api/v2/tenants/{tenant}/databases/{database}/collections/{collection_id}/upsert"

  [2m2026-09-30T07:22:55.374030Z[0m [32m INFO[0m  [32mCache miss for collection 48e9ba0a-9719-4833-b753-6fcb41883cd9[0m
    [2;3mat[0m rust\frontend\src\get_collection_with_segments_provider.rs:182
    [2;3min[0m [1mcollection_upsert[0m
    [2;3min[0m [1mHTTP request[0m [2;3mwith[0m [1mhttp.method[0m: POST, [1mhttp.uri[0m: /api/v2/tenants/default_tenant/databases/default_database/collections/48e9ba0a-9719-4833-b753-6fcb41883cd9/upsert, [1mhttp.route[0m: "/api/v2/tenants/{tenant}/databases/{database}/collections/{collection_id}/upsert", [1mhttp.version[0m: HTTP/1.1, [1mhttp.host[0m: 127.0.0.1:8000, [1mhttp.user_agent[0m: Chroma Python Client v1.5.9 (https://github.com/chroma-core/chroma), [1motel.name[0m: "POST /api/v2/tenants/{tenant}/databases/{database}/collections/{collection_id}/upsert"

  [2m2026-09-30T07:22:55.374806Z[0m [32m INFO[0m  [1;32mtenant_name[0m[32m: default_tenant, [1;32mdatabase_name[0m[32m: default_database, [1;32mcollection_id[0m[32m: 48e9ba0a-9719-4833-b753-6fcb41883cd9, [1;32mnum_ids[0m[32m: 16[0m
    [2;3mat[0m rust\frontend\src\server.rs:2323
    [2;3min[0m [1mcollection_upsert[0m
    [2;3min[0m [1mHTTP request[0m [2;3mwith[0m [1mhttp.method[0m: POST, [1mhttp.uri[0m: /api/v2/tenants/default_tenant/databases/default_database/collections/48e9ba0a-9719-4833-b753-6fcb41883cd9/upsert, [1mhttp.route[0m: "/api/v2/tenants/{tenant}/databases/{database}/collections/{collection_id}/upsert", [1mhttp.version[0m: HTTP/1.1, [1mhttp.host[0m: 127.0.0.1:8000, [1mhttp.user_agent[0m: Chroma Python Client v1.5.9 (https://github.com/chroma-core/chroma), [1motel.name[0m: "POST /api/v2/tenants/{tenant}/databases/{database}/collections/{collection_id}/upsert"

  [2m2026-09-30T07:22:55.374846Z[0m [32m INFO[0m  [32mCache miss for collection 48e9ba0a-9719-4833-b753-6fcb41883cd9[0m
    [2;3mat[0m rust\frontend\src\get_collection_with_segments_provider.rs:182
    [2;3min[0m [1mcollection_upsert[0m
    [2;3min[0m [1mHTTP request[0m [2;3mwith[0m [1mhttp.method[0m: POST, [1mhttp.uri[0m: /api/v2/tenants/default_tenant/databases/default_database/collections/48e9ba0a-9719-4833-b753-6fcb41883cd9/upsert, [1mhttp.route[0m: "/api/v2/tenants/{tenant}/databases/{database}/collections/{collection_id}/upsert", [1mhttp.version[0m: HTTP/1.1, [1mhttp.host[0m: 127.0.0.1:8000, [1mhttp.user_agent[0m: Chroma Python Client v1.5.9 (https://github.com/chroma-core/chroma), [1motel.name[0m: "POST /api/v2/tenants/{tenant}/databases/{database}/collections/{collection_id}/upsert"

  [2m2026-09-30T07:22:56.507723Z[0m [32m INFO[0m  [32mCache miss for collection 48e9ba0a-9719-4833-b753-6fcb41883cd9[0m
    [2;3mat[0m rust\frontend\src\get_collection_with_segments_provider.rs:182
    [2;3min[0m [1mcollection_upsert[0m
    [2;3min[0m [1mHTTP request[0m [2;3mwith[0m [1mhttp.method[0m: POST, [1mhttp.uri[0m: /api/v2/tenants/default_tenant/databases/default_database/collections/48e9ba0a-9719-4833-b753-6fcb41883cd9/upsert, [1mhttp.route[0m: "/api/v2/tenants/{tenant}/databases/{database}/collections/{collection_id}/upsert", [1mhttp.version[0m: HTTP/1.1, [1mhttp.host[0m: 127.0.0.1:8000, [1mhttp.user_agent[0m: Chroma Python Client v1.5.9 (https://github.com/chroma-core/chroma), [1motel.name[0m: "POST /api/v2/tenants/{tenant}/databases/{database}/collections/{collection_id}/upsert"

  [2m2026-09-30T07:22:56.508528Z[0m [32m INFO[0m  [1;32mtenant_name[0m[32m: default_tenant, [1;32mdatabase_name[0m[32m: default_database, [1;32mcollection_id[0m[32m: 48e9ba0a-9719-4833-b753-6fcb41883cd9, [1;32mnum_ids[0m[32m: 16[0m
    [2;3mat[0m rust\frontend\src\server.rs:2323
    [2;3min[0m [1mcollection_upsert[0m
    [2;3min[0m [1mHTTP request[0m [2;3mwith[0m [1mhttp.method[0m: POST, [1mhttp.uri[0m: /api/v2/tenants/default_tenant/databases/default_database/collections/48e9ba0a-9719-4833-b753-6fcb41883cd9/upsert, [1mhttp.route[0m: "/api/v2/tenants/{tenant}/databases/{database}/collections/{collection_id}/upsert", [1mhttp.version[0m: HTTP/1.1, [1mhttp.host[0m: 127.0.0.1:8000, [1mhttp.user_agent[0m: Chroma Python Client v1.5.9 (https://github.com/chroma-core/chroma), [1motel.name[0m: "POST /api/v2/tenants/{tenant}/databases/{database}/collections/{collection_id}/upsert"

  [2m2026-09-30T07:22:56.508569Z[0m [32m INFO[0m  [32mCache miss for collection 48e9ba0a-9719-4833-b753-6fcb41883cd9[0m
    [2;3mat[0m rust\frontend\src\get_collection_with_segments_provider.rs:182
    [2;3min[0m [1mcollection_upsert[0m
    [2;3min[0m [1mHTTP request[0m [2;3mwith[0m [1mhttp.method[0m: POST, [1mhttp.uri[0m: /api/v2/tenants/default_tenant/databases/default_database/collections/48e9ba0a-9719-4833-b753-6fcb41883cd9/upsert, [1mhttp.route[0m: "/api/v2/tenants/{tenant}/databases/{database}/collections/{collection_id}/upsert", [1mhttp.version[0m: HTTP/1.1, [1mhttp.host[0m: 127.0.0.1:8000, [1mhttp.user_agent[0m: Chroma Python Client v1.5.9 (https://github.com/chroma-core/chroma), [1motel.name[0m: "POST /api/v2/tenants/{tenant}/databases/{database}/collections/{collection_id}/upsert"

  [2m2026-09-30T07:22:57.674583Z[0m [32m INFO[0m  [32mCache miss for collection 48e9ba0a-9719-4833-b753-6fcb41883cd9[0m
    [2;3mat[0m rust\frontend\src\get_collection_with_segments_provider.rs:182
    [2;3min[0m [1mcollection_upsert[0m
    [2;3min[0m [1mHTTP request[0m [2;3mwith[0m [1mhttp.method[0m: POST, [1mhttp.uri[0m: /api/v2/tenants/default_tenant/databases/default_database/collections/48e9ba0a-9719-4833-b753-6fcb41883cd9/upsert, [1mhttp.route[0m: "/api/v2/tenants/{tenant}/databases/{database}/collections/{collection_id}/upsert", [1mhttp.version[0m: HTTP/1.1, [1mhttp.host[0m: 127.0.0.1:8000, [1mhttp.user_agent[0m: Chroma Python Client v1.5.9 (https://github.com/chroma-core/chroma), [1motel.name[0m: "POST /api/v2/tenants/{tenant}/databases/{database}/collections/{collection_id}/upsert"

  [2m2026-09-30T07:22:57.675348Z[0m [32m INFO[0m  [1;32mtenant_name[0m[32m: default_tenant, [1;32mdatabase_name[0m[32m: default_database, [1;32mcollection_id[0m[32m: 48e9ba0a-9719-4833-b753-6fcb41883cd9, [1;32mnum_ids[0m[32m: 16[0m
    [2;3mat[0m rust\frontend\src\server.rs:2323
    [2;3min[0m [1mcollection_upsert[0m
    [2;3min[0m [1mHTTP request[0m [2;3mwith[0m [1mhttp.method[0m: POST, [1mhttp.uri[0m: /api/v2/tenants/default_tenant/databases/default_database/collections/48e9ba0a-9719-4833-b753-6fcb41883cd9/upsert, [1mhttp.route[0m: "/api/v2/tenants/{tenant}/databases/{database}/collections/{collection_id}/upsert", [1mhttp.version[0m: HTTP/1.1, [1mhttp.host[0m: 127.0.0.1:8000, [1mhttp.user_agent[0m: Chroma Python Client v1.5.9 (https://github.com/chroma-core/chroma), [1motel.name[0m: "POST /api/v2/tenants/{tenant}/databases/{database}/collections/{collection_id}/upsert"

  [2m2026-09-30T07:22:57.675386Z[0m [32m INFO[0m  [32mCache miss for collection 48e9ba0a-9719-4833-b753-6fcb41883cd9[0m
    [2;3mat[0m rust\frontend\src\get_collection_with_segments_provider.rs:182
    [2;3min[0m [1mcollection_upsert[0m
    [2;3min[0m [1mHTTP request[0m [2;3mwith[0m [1mhttp.method[0m: POST, [1mhttp.uri[0m: /api/v2/tenants/default_tenant/databases/default_database/collections/48e9ba0a-9719-4833-b753-6fcb41883cd9/upsert, [1mhttp.route[0m: "/api/v2/tenants/{tenant}/databases/{database}/collections/{collection_id}/upsert", [1mhttp.version[0m: HTTP/1.1, [1mhttp.host[0m: 127.0.0.1:8000, [1mhttp.user_agent[0m: Chroma Python Client v1.5.9 (https://github.com/chroma-core/chroma), [1motel.name[0m: "POST /api/v2/tenants/{tenant}/databases/{database}/collections/{collection_id}/upsert"

  [2m2026-09-30T07:22:58.790339Z[0m [32m INFO[0m  [32mCache miss for collection 48e9ba0a-9719-4833-b753-6fcb41883cd9[0m
    [2;3mat[0m rust\frontend\src\get_collection_with_segments_provider.rs:182
    [2;3min[0m [1mcollection_upsert[0m
    [2;3min[0m [1mHTTP request[0m [2;3mwith[0m [1mhttp.method[0m: POST, [1mhttp.uri[0m: /api/v2/tenants/default_tenant/databases/default_database/collections/48e9ba0a-9719-4833-b753-6fcb41883cd9/upsert, [1mhttp.route[0m: "/api/v2/tenants/{tenant}/databases/{database}/collections/{collection_id}/upsert", [1mhttp.version[0m: HTTP/1.1, [1mhttp.host[0m: 127.0.0.1:8000, [1mhttp.user_agent[0m: Chroma Python Client v1.5.9 (https://github.com/chroma-core/chroma), [1motel.name[0m: "POST /api/v2/tenants/{tenant}/databases/{database}/collections/{collection_id}/upsert"

  [2m2026-09-30T07:22:58.791202Z[0m [32m INFO[0m  [1;32mtenant_name[0m[32m: default_tenant, [1;32mdatabase_name[0m[32m: default_database, [1;32mcollection_id[0m[32m: 48e9ba0a-9719-4833-b753-6fcb41883cd9, [1;32mnum_ids[0m[32m: 16[0m
    [2;3mat[0m rust\frontend\src\server.rs:2323
    [2;3min[0m [1mcollection_upsert[0m
    [2;3min[0m [1mHTTP request[0m [2;3mwith[0m [1mhttp.method[0m: POST, [1mhttp.uri[0m: /api/v2/tenants/default_tenant/databases/default_database/collections/48e9ba0a-9719-4833-b753-6fcb41883cd9/upsert, [1mhttp.route[0m: "/api/v2/tenants/{tenant}/databases/{database}/collections/{collection_id}/upsert", [1mhttp.version[0m: HTTP/1.1, [1mhttp.host[0m: 127.0.0.1:8000, [1mhttp.user_agent[0m: Chroma Python Client v1.5.9 (https://github.com/chroma-core/chroma), [1motel.name[0m: "POST /api/v2/tenants/{tenant}/databases/{database}/collections/{collection_id}/upsert"

  [2m2026-09-30T07:22:58.791242Z[0m [32m INFO[0m  [32mCache miss for collection 48e9ba0a-9719-4833-b753-6fcb41883cd9[0m
    [2;3mat[0m rust\frontend\src\get_collection_with_segments_provider.rs:182
    [2;3min[0m [1mcollection_upsert[0m
    [2;3min[0m [1mHTTP request[0m [2;3mwith[0m [1mhttp.method[0m: POST, [1mhttp.uri[0m: /api/v2/tenants/default_tenant/databases/default_database/collections/48e9ba0a-9719-4833-b753-6fcb41883cd9/upsert, [1mhttp.route[0m: "/api/v2/tenants/{tenant}/databases/{database}/collections/{collection_id}/upsert", [1mhttp.version[0m: HTTP/1.1, [1mhttp.host[0m: 127.0.0.1:8000, [1mhttp.user_agent[0m: Chroma Python Client v1.5.9 (https://github.com/chroma-core/chroma), [1motel.name[0m: "POST /api/v2/tenants/{tenant}/databases/{database}/collections/{collection_id}/upsert"

  [2m2026-09-30T07:23:00.090369Z[0m [32m INFO[0m  [32mCache miss for collection 48e9ba0a-9719-4833-b753-6fcb41883cd9[0m
    [2;3mat[0m rust\frontend\src\get_collection_with_segments_provider.rs:182
    [2;3min[0m [1mcollection_upsert[0m
    [2;3min[0m [1mHTTP request[0m [2;3mwith[0m [1mhttp.method[0m: POST, [1mhttp.uri[0m: /api/v2/tenants/default_tenant/databases/default_database/collections/48e9ba0a-9719-4833-b753-6fcb41883cd9/upsert, [1mhttp.route[0m: "/api/v2/tenants/{tenant}/databases/{database}/collections/{collection_id}/upsert", [1mhttp.version[0m: HTTP/1.1, [1mhttp.host[0m: 127.0.0.1:8000, [1mhttp.user_agent[0m: Chroma Python Client v1.5.9 (https://github.com/chroma-core/chroma), [1motel.name[0m: "POST /api/v2/tenants/{tenant}/databases/{database}/collections/{collection_id}/upsert"

  [2m2026-09-30T07:23:00.091003Z[0m [32m INFO[0m  [1;32mtenant_name[0m[32m: default_tenant, [1;32mdatabase_name[0m[32m: default_database, [1;32mcollection_id[0m[32m: 48e9ba0a-9719-4833-b753-6fcb41883cd9, [1;32mnum_ids[0m[32m: 16[0m
    [2;3mat[0m rust\frontend\src\server.rs:2323
    [2;3min[0m [1mcollection_upsert[0m
    [2;3min[0m [1mHTTP request[0m [2;3mwith[0m [1mhttp.method[0m: POST, [1mhttp.uri[0m: /api/v2/tenants/default_tenant/databases/default_database/collections/48e9ba0a-9719-4833-b753-6fcb41883cd9/upsert, [1mhttp.route[0m: "/api/v2/tenants/{tenant}/databases/{database}/collections/{collection_id}/upsert", [1mhttp.version[0m: HTTP/1.1, [1mhttp.host[0m: 127.0.0.1:8000, [1mhttp.user_agent[0m: Chroma Python Client v1.5.9 (https://github.com/chroma-core/chroma), [1motel.name[0m: "POST /api/v2/tenants/{tenant}/databases/{database}/collections/{collection_id}/upsert"

  [2m2026-09-30T07:23:00.091047Z[0m [32m INFO[0m  [32mCache miss for collection 48e9ba0a-9719-4833-b753-6fcb41883cd9[0m
    [2;3mat[0m rust\frontend\src\get_collection_with_segments_provider.rs:182
    [2;3min[0m [1mcollection_upsert[0m
    [2;3min[0m [1mHTTP request[0m [2;3mwith[0m [1mhttp.method[0m: POST, [1mhttp.uri[0m: /api/v2/tenants/default_tenant/databases/default_database/collections/48e9ba0a-9719-4833-b753-6fcb41883cd9/upsert, [1mhttp.route[0m: "/api/v2/tenants/{tenant}/databases/{database}/collections/{collection_id}/upsert", [1mhttp.version[0m: HTTP/1.1, [1mhttp.host[0m: 127.0.0.1:8000, [1mhttp.user_agent[0m: Chroma Python Client v1.5.9 (https://github.com/chroma-core/chroma), [1motel.name[0m: "POST /api/v2/tenants/{tenant}/databases/{database}/collections/{collection_id}/upsert"

  [2m2026-09-30T07:23:01.358306Z[0m [32m INFO[0m  [32mCache miss for collection 48e9ba0a-9719-4833-b753-6fcb41883cd9[0m
    [2;3mat[0m rust\frontend\src\get_collection_with_segments_provider.rs:182
    [2;3min[0m [1mcollection_upsert[0m
    [2;3min[0m [1mHTTP request[0m [2;3mwith[0m [1mhttp.method[0m: POST, [1mhttp.uri[0m: /api/v2/tenants/default_tenant/databases/default_database/collections/48e9ba0a-9719-4833-b753-6fcb41883cd9/upsert, [1mhttp.route[0m: "/api/v2/tenants/{tenant}/databases/{database}/collections/{collection_id}/upsert", [1mhttp.version[0m: HTTP/1.1, [1mhttp.host[0m: 127.0.0.1:8000, [1mhttp.user_agent[0m: Chroma Python Client v1.5.9 (https://github.com/chroma-core/chroma), [1motel.name[0m: "POST /api/v2/tenants/{tenant}/databases/{database}/collections/{collection_id}/upsert"

  [2m2026-09-30T07:23:01.359051Z[0m [32m INFO[0m  [1;32mtenant_name[0m[32m: default_tenant, [1;32mdatabase_name[0m[32m: default_database, [1;32mcollection_id[0m[32m: 48e9ba0a-9719-4833-b753-6fcb41883cd9, [1;32mnum_ids[0m[32m: 16[0m
    [2;3mat[0m rust\frontend\src\server.rs:2323
    [2;3min[0m [1mcollection_upsert[0m
    [2;3min[0m [1mHTTP request[0m [2;3mwith[0m [1mhttp.method[0m: POST, [1mhttp.uri[0m: /api/v2/tenants/default_tenant/databases/default_database/collections/48e9ba0a-9719-4833-b753-6fcb41883cd9/upsert, [1mhttp.route[0m: "/api/v2/tenants/{tenant}/databases/{database}/collections/{collection_id}/upsert", [1mhttp.version[0m: HTTP/1.1, [1mhttp.host[0m: 127.0.0.1:8000, [1mhttp.user_agent[0m: Chroma Python Client v1.5.9 (https://github.com/chroma-core/chroma), [1motel.name[0m: "POST /api/v2/tenants/{tenant}/databases/{database}/collections/{collection_id}/upsert"

  [2m2026-09-30T07:23:01.359104Z[0m [32m INFO[0m  [32mCache miss for collection 48e9ba0a-9719-4833-b753-6fcb41883cd9[0m
    [2;3mat[0m rust\frontend\src\get_collection_with_segments_provider.rs:182
    [2;3min[0m [1mcollection_upsert[0m
    [2;3min[0m [1mHTTP request[0m [2;3mwith[0m [1mhttp.method[0m: POST, [1mhttp.uri[0m: /api/v2/tenants/default_tenant/databases/default_database/collections/48e9ba0a-9719-4833-b753-6fcb41883cd9/upsert, [1mhttp.route[0m: "/api/v2/tenants/{tenant}/databases/{database}/collections/{collection_id}/upsert", [1mhttp.version[0m: HTTP/1.1, [1mhttp.host[0m: 127.0.0.1:8000, [1mhttp.user_agent[0m: Chroma Python Client v1.5.9 (https://github.com/chroma-core/chroma), [1motel.name[0m: "POST /api/v2/tenants/{tenant}/databases/{database}/collections/{collection_id}/upsert"

  [2m2026-09-30T07:23:02.590638Z[0m [32m INFO[0m  [32mCache miss for collection 48e9ba0a-9719-4833-b753-6fcb41883cd9[0m
    [2;3mat[0m rust\frontend\src\get_collection_with_segments_provider.rs:182
    [2;3min[0m [1mcollection_upsert[0m
    [2;3min[0m [1mHTTP request[0m [2;3mwith[0m [1mhttp.method[0m: POST, [1mhttp.uri[0m: /api/v2/tenants/default_tenant/databases/default_database/collections/48e9ba0a-9719-4833-b753-6fcb41883cd9/upsert, [1mhttp.route[0m: "/api/v2/tenants/{tenant}/databases/{database}/collections/{collection_id}/upsert", [1mhttp.version[0m: HTTP/1.1, [1mhttp.host[0m: 127.0.0.1:8000, [1mhttp.user_agent[0m: Chroma Python Client v1.5.9 (https://github.com/chroma-core/chroma), [1motel.name[0m: "POST /api/v2/tenants/{tenant}/databases/{database}/collections/{collection_id}/upsert"

  [2m2026-09-30T07:23:02.591509Z[0m [32m INFO[0m  [1;32mtenant_name[0m[32m: default_tenant, [1;32mdatabase_name[0m[32m: default_database, [1;32mcollection_id[0m[32m: 48e9ba0a-9719-4833-b753-6fcb41883cd9, [1;32mnum_ids[0m[32m: 16[0m
    [2;3mat[0m rust\frontend\src\server.rs:2323
    [2;3min[0m [1mcollection_upsert[0m
    [2;3min[0m [1mHTTP request[0m [2;3mwith[0m [1mhttp.method[0m: POST, [1mhttp.uri[0m: /api/v2/tenants/default_tenant/databases/default_database/collections/48e9ba0a-9719-4833-b753-6fcb41883cd9/upsert, [1mhttp.route[0m: "/api/v2/tenants/{tenant}/databases/{database}/collections/{collection_id}/upsert", [1mhttp.version[0m: HTTP/1.1, [1mhttp.host[0m: 127.0.0.1:8000, [1mhttp.user_agent[0m: Chroma Python Client v1.5.9 (https://github.com/chroma-core/chroma), [1motel.name[0m: "POST /api/v2/tenants/{tenant}/databases/{database}/collections/{collection_id}/upsert"

  [2m2026-09-30T07:23:02.591551Z[0m [32m INFO[0m  [32mCache miss for collection 48e9ba0a-9719-4833-b753-6fcb41883cd9[0m
    [2;3mat[0m rust\frontend\src\get_collection_with_segments_provider.rs:182
    [2;3min[0m [1mcollection_upsert[0m
    [2;3min[0m [1mHTTP request[0m [2;3mwith[0m [1mhttp.method[0m: POST, [1mhttp.uri[0m: /api/v2/tenants/default_tenant/databases/default_database/collections/48e9ba0a-9719-4833-b753-6fcb41883cd9/upsert, [1mhttp.route[0m: "/api/v2/tenants/{tenant}/databases/{database}/collections/{collection_id}/upsert", [1mhttp.version[0m: HTTP/1.1, [1mhttp.host[0m: 127.0.0.1:8000, [1mhttp.user_agent[0m: Chroma Python Client v1.5.9 (https://github.com/chroma-core/chroma), [1motel.name[0m: "POST /api/v2/tenants/{tenant}/databases/{database}/collections/{collection_id}/upsert"

  [2m2026-09-30T07:23:04.091160Z[0m [32m INFO[0m  [32mCache miss for collection 48e9ba0a-9719-4833-b753-6fcb41883cd9[0m
    [2;3mat[0m rust\frontend\src\get_collection_with_segments_provider.rs:182
    [2;3min[0m [1mcollection_upsert[0m
    [2;3min[0m [1mHTTP request[0m [2;3mwith[0m [1mhttp.method[0m: POST, [1mhttp.uri[0m: /api/v2/tenants/default_tenant/databases/default_database/collections/48e9ba0a-9719-4833-b753-6fcb41883cd9/upsert, [1mhttp.route[0m: "/api/v2/tenants/{tenant}/databases/{database}/collections/{collection_id}/upsert", [1mhttp.version[0m: HTTP/1.1, [1mhttp.host[0m: 127.0.0.1:8000, [1mhttp.user_agent[0m: Chroma Python Client v1.5.9 (https://github.com/chroma-core/chroma), [1motel.name[0m: "POST /api/v2/tenants/{tenant}/databases/{database}/collections/{collection_id}/upsert"

  [2m2026-09-30T07:23:04.091963Z[0m [32m INFO[0m  [1;32mtenant_name[0m[32m: default_tenant, [1;32mdatabase_name[0m[32m: default_database, [1;32mcollection_id[0m[32m: 48e9ba0a-9719-4833-b753-6fcb41883cd9, [1;32mnum_ids[0m[32m: 16[0m
    [2;3mat[0m rust\frontend\src\server.rs:2323
    [2;3min[0m [1mcollection_upsert[0m
    [2;3min[0m [1mHTTP request[0m [2;3mwith[0m [1mhttp.method[0m: POST, [1mhttp.uri[0m: /api/v2/tenants/default_tenant/databases/default_database/collections/48e9ba0a-9719-4833-b753-6fcb41883cd9/upsert, [1mhttp.route[0m: "/api/v2/tenants/{tenant}/databases/{database}/collections/{collection_id}/upsert", [1mhttp.version[0m: HTTP/1.1, [1mhttp.host[0m: 127.0.0.1:8000, [1mhttp.user_agent[0m: Chroma Python Client v1.5.9 (https://github.com/chroma-core/chroma), [1motel.name[0m: "POST /api/v2/tenants/{tenant}/databases/{database}/collections/{collection_id}/upsert"

  [2m2026-09-30T07:23:04.092006Z[0m [32m INFO[0m  [32mCache miss for collection 48e9ba0a-9719-4833-b753-6fcb41883cd9[0m
    [2;3mat[0m rust\frontend\src\get_collection_with_segments_provider.rs:182
    [2;3min[0m [1mcollection_upsert[0m
    [2;3min[0m [1mHTTP request[0m [2;3mwith[0m [1mhttp.method[0m: POST, [1mhttp.uri[0m: /api/v2/tenants/default_tenant/databases/default_database/collections/48e9ba0a-9719-4833-b753-6fcb41883cd9/upsert, [1mhttp.route[0m: "/api/v2/tenants/{tenant}/databases/{database}/collections/{collection_id}/upsert", [1mhttp.version[0m: HTTP/1.1, [1mhttp.host[0m: 127.0.0.1:8000, [1mhttp.user_agent[0m: Chroma Python Client v1.5.9 (https://github.com/chroma-core/chroma), [1motel.name[0m: "POST /api/v2/tenants/{tenant}/databases/{database}/collections/{collection_id}/upsert"

  [2m2026-09-30T07:23:05.332774Z[0m [32m INFO[0m  [32mCache miss for collection 48e9ba0a-9719-4833-b753-6fcb41883cd9[0m
    [2;3mat[0m rust\frontend\src\get_collection_with_segments_provider.rs:182
    [2;3min[0m [1mcollection_upsert[0m
    [2;3min[0m [1mHTTP request[0m [2;3mwith[0m [1mhttp.method[0m: POST, [1mhttp.uri[0m: /api/v2/tenants/default_tenant/databases/default_database/collections/48e9ba0a-9719-4833-b753-6fcb41883cd9/upsert, [1mhttp.route[0m: "/api/v2/tenants/{tenant}/databases/{database}/collections/{collection_id}/upsert", [1mhttp.version[0m: HTTP/1.1, [1mhttp.host[0m: 127.0.0.1:8000, [1mhttp.user_agent[0m: Chroma Python Client v1.5.9 (https://github.com/chroma-core/chroma), [1motel.name[0m: "POST /api/v2/tenants/{tenant}/databases/{database}/collections/{collection_id}/upsert"

  [2m2026-09-30T07:23:05.333599Z[0m [32m INFO[0m  [1;32mtenant_name[0m[32m: default_tenant, [1;32mdatabase_name[0m[32m: default_database, [1;32mcollection_id[0m[32m: 48e9ba0a-9719-4833-b753-6fcb41883cd9, [1;32mnum_ids[0m[32m: 16[0m
    [2;3mat[0m rust\frontend\src\server.rs:2323
    [2;3min[0m [1mcollection_upsert[0m
    [2;3min[0m [1mHTTP request[0m [2;3mwith[0m [1mhttp.method[0m: POST, [1mhttp.uri[0m: /api/v2/tenants/default_tenant/databases/default_database/collections/48e9ba0a-9719-4833-b753-6fcb41883cd9/upsert, [1mhttp.route[0m: "/api/v2/tenants/{tenant}/databases/{database}/collections/{collection_id}/upsert", [1mhttp.version[0m: HTTP/1.1, [1mhttp.host[0m: 127.0.0.1:8000, [1mhttp.user_agent[0m: Chroma Python Client v1.5.9 (https://github.com/chroma-core/chroma), [1motel.name[0m: "POST /api/v2/tenants/{tenant}/databases/{database}/collections/{collection_id}/upsert"

  [2m2026-09-30T07:23:05.333646Z[0m [32m INFO[0m  [32mCache miss for collection 48e9ba0a-9719-4833-b753-6fcb41883cd9[0m
    [2;3mat[0m rust\frontend\src\get_collection_with_segments_provider.rs:182
    [2;3min[0m [1mcollection_upsert[0m
    [2;3min[0m [1mHTTP request[0m [2;3mwith[0m [1mhttp.method[0m: POST, [1mhttp.uri[0m: /api/v2/tenants/default_tenant/databases/default_database/collections/48e9ba0a-9719-4833-b753-6fcb41883cd9/upsert, [1mhttp.route[0m: "/api/v2/tenants/{tenant}/databases/{database}/collections/{collection_id}/upsert", [1mhttp.version[0m: HTTP/1.1, [1mhttp.host[0m: 127.0.0.1:8000, [1mhttp.user_agent[0m: Chroma Python Client v1.5.9 (https://github.com/chroma-core/chroma), [1motel.name[0m: "POST /api/v2/tenants/{tenant}/databases/{database}/collections/{collection_id}/upsert"

  [2m2026-09-30T07:23:07.422805Z[0m [32m INFO[0m  [1;32mtenant_name[0m[32m: default_tenant[0m
    [2;3mat[0m rust\frontend\src\server.rs:757
    [2;3min[0m [1mHTTP request[0m [2;3mwith[0m [1mhttp.method[0m: GET, [1mhttp.uri[0m: /api/v2/tenants/default_tenant, [1mhttp.route[0m: "/api/v2/tenants/{tenant_name}", [1mhttp.version[0m: HTTP/1.1, [1mhttp.host[0m: 127.0.0.1:8000, [1mhttp.user_agent[0m: Chroma Python Client v1.5.9 (https://github.com/chroma-core/chroma), [1motel.name[0m: "GET /api/v2/tenants/{tenant_name}"

  [2m2026-09-30T07:23:07.423806Z[0m [32m INFO[0m  [1;32mtenant_name[0m[32m: default_tenant, [1;32mdatabase_name[0m[32m: default_database[0m
    [2;3mat[0m rust\frontend\src\server.rs:1015
    [2;3min[0m [1mHTTP request[0m [2;3mwith[0m [1mhttp.method[0m: GET, [1mhttp.uri[0m: /api/v2/tenants/default_tenant/databases/default_database, [1mhttp.route[0m: "/api/v2/tenants/{tenant}/databases/{database}", [1mhttp.version[0m: HTTP/1.1, [1mhttp.host[0m: 127.0.0.1:8000, [1mhttp.user_agent[0m: Chroma Python Client v1.5.9 (https://github.com/chroma-core/chroma), [1motel.name[0m: "GET /api/v2/tenants/{tenant}/databases/{database}"

  [2m2026-09-30T07:23:07.424899Z[0m [32m INFO[0m  [1;32mtenant_name[0m[32m: default_tenant, [1;32mdatabase_name[0m[32m: default_database[0m
    [2;3mat[0m rust\frontend\src\server.rs:1315
    [2;3min[0m [1mHTTP request[0m [2;3mwith[0m [1mhttp.method[0m: POST, [1mhttp.uri[0m: /api/v2/tenants/default_tenant/databases/default_database/collections, [1mhttp.route[0m: "/api/v2/tenants/{tenant}/databases/{database}/collections", [1mhttp.version[0m: HTTP/1.1, [1mhttp.host[0m: 127.0.0.1:8000, [1mhttp.user_agent[0m: Chroma Python Client v1.5.9 (https://github.com/chroma-core/chroma), [1motel.name[0m: "POST /api/v2/tenants/{tenant}/databases/{database}/collections"

  [2m2026-09-30T07:23:07.426336Z[0m [32m INFO[0m  [1;32mtenant[0m[32m: "default_tenant", [1;32mdatabase[0m[32m: "default_database", [1;32mcollection_id[0m[32m: "48e9ba0a-9719-4833-b753-6fcb41883cd9"[0m
    [2;3mat[0m rust\frontend\src\server.rs:2535
    [2;3min[0m [1mHTTP request[0m [2;3mwith[0m [1mhttp.method[0m: GET, [1mhttp.uri[0m: /api/v2/tenants/default_tenant/databases/default_database/collections/48e9ba0a-9719-4833-b753-6fcb41883cd9/count?read_level=index_and_wal, [1mhttp.route[0m: "/api/v2/tenants/{tenant}/databases/{database}/collections/{collection_id}/count", [1mhttp.version[0m: HTTP/1.1, [1mhttp.host[0m: 127.0.0.1:8000, [1mhttp.user_agent[0m: Chroma Python Client v1.5.9 (https://github.com/chroma-core/chroma), [1motel.name[0m: "GET /api/v2/tenants/{tenant}/databases/{database}/collections/{collection_id}/count"

  [2m2026-09-30T07:23:07.426355Z[0m [32m INFO[0m  [32mCache miss for collection 48e9ba0a-9719-4833-b753-6fcb41883cd9[0m
    [2;3mat[0m rust\frontend\src\get_collection_with_segments_provider.rs:182
    [2;3min[0m [1mHTTP request[0m [2;3mwith[0m [1mhttp.method[0m: GET, [1mhttp.uri[0m: /api/v2/tenants/default_tenant/databases/default_database/collections/48e9ba0a-9719-4833-b753-6fcb41883cd9/count?read_level=index_and_wal, [1mhttp.route[0m: "/api/v2/tenants/{tenant}/databases/{database}/collections/{collection_id}/count", [1mhttp.version[0m: HTTP/1.1, [1mhttp.host[0m: 127.0.0.1:8000, [1mhttp.user_agent[0m: Chroma Python Client v1.5.9 (https://github.com/chroma-core/chroma), [1motel.name[0m: "GET /api/v2/tenants/{tenant}/databases/{database}/collections/{collection_id}/count"

  [2m2026-09-30T07:23:07.426928Z[0m [32m INFO[0m  [32mCache miss for collection 48e9ba0a-9719-4833-b753-6fcb41883cd9[0m
    [2;3mat[0m rust\frontend\src\get_collection_with_segments_provider.rs:182
    [2;3min[0m [1mHTTP request[0m [2;3mwith[0m [1mhttp.method[0m: GET, [1mhttp.uri[0m: /api/v2/tenants/default_tenant/databases/default_database/collections/48e9ba0a-9719-4833-b753-6fcb41883cd9/count?read_level=index_and_wal, [1mhttp.route[0m: "/api/v2/tenants/{tenant}/databases/{database}/collections/{collection_id}/count", [1mhttp.version[0m: HTTP/1.1, [1mhttp.host[0m: 127.0.0.1:8000, [1mhttp.user_agent[0m: Chroma Python Client v1.5.9 (https://github.com/chroma-core/chroma), [1motel.name[0m: "GET /api/v2/tenants/{tenant}/databases/{database}/collections/{collection_id}/count"

  [2m2026-09-30T07:23:07.782524Z[0m [32m INFO[0m  [32mCache miss for collection 48e9ba0a-9719-4833-b753-6fcb41883cd9[0m
    [2;3mat[0m rust\frontend\src\get_collection_with_segments_provider.rs:182
    [2;3min[0m [1mHTTP request[0m [2;3mwith[0m [1mhttp.method[0m: POST, [1mhttp.uri[0m: /api/v2/tenants/default_tenant/databases/default_database/collections/48e9ba0a-9719-4833-b753-6fcb41883cd9/query, [1mhttp.route[0m: "/api/v2/tenants/{tenant}/databases/{database}/collections/{collection_id}/query", [1mhttp.version[0m: HTTP/1.1, [1mhttp.host[0m: 127.0.0.1:8000, [1mhttp.user_agent[0m: Chroma Python Client v1.5.9 (https://github.com/chroma-core/chroma), [1motel.name[0m: "POST /api/v2/tenants/{tenant}/databases/{database}/collections/{collection_id}/query"

  [2m2026-09-30T07:23:07.783165Z[0m [32m INFO[0m  [1;32mnum_ids[0m[32m: 0, [1;32mnum_embeddings[0m[32m: 1, [1;32minclude[0m[32m: IncludeList([Document, Metadata, Distance]), [1;32mhas_where[0m[32m: true[0m
    [2;3mat[0m rust\frontend\src\server.rs:3037
    [2;3min[0m [1mHTTP request[0m [2;3mwith[0m [1mhttp.method[0m: POST, [1mhttp.uri[0m: /api/v2/tenants/default_tenant/databases/default_database/collections/48e9ba0a-9719-4833-b753-6fcb41883cd9/query, [1mhttp.route[0m: "/api/v2/tenants/{tenant}/databases/{database}/collections/{collection_id}/query", [1mhttp.version[0m: HTTP/1.1, [1mhttp.host[0m: 127.0.0.1:8000, [1mhttp.user_agent[0m: Chroma Python Client v1.5.9 (https://github.com/chroma-core/chroma), [1motel.name[0m: "POST /api/v2/tenants/{tenant}/databases/{database}/collections/{collection_id}/query"

  [2m2026-09-30T07:23:07.783187Z[0m [32m INFO[0m  [32mCache miss for collection 48e9ba0a-9719-4833-b753-6fcb41883cd9[0m
    [2;3mat[0m rust\frontend\src\get_collection_with_segments_provider.rs:182
    [2;3min[0m [1mHTTP request[0m [2;3mwith[0m [1mhttp.method[0m: POST, [1mhttp.uri[0m: /api/v2/tenants/default_tenant/databases/default_database/collections/48e9ba0a-9719-4833-b753-6fcb41883cd9/query, [1mhttp.route[0m: "/api/v2/tenants/{tenant}/databases/{database}/collections/{collection_id}/query", [1mhttp.version[0m: HTTP/1.1, [1mhttp.host[0m: 127.0.0.1:8000, [1mhttp.user_agent[0m: Chroma Python Client v1.5.9 (https://github.com/chroma-core/chroma), [1motel.name[0m: "POST /api/v2/tenants/{tenant}/databases/{database}/collections/{collection_id}/query"

  [2m2026-09-30T07:23:07.783714Z[0m [32m INFO[0m  [32mCache miss for collection 48e9ba0a-9719-4833-b753-6fcb41883cd9[0m
    [2;3mat[0m rust\frontend\src\get_collection_with_segments_provider.rs:182
    [2;3min[0m [1mHTTP request[0m [2;3mwith[0m [1mhttp.method[0m: POST, [1mhttp.uri[0m: /api/v2/tenants/default_tenant/databases/default_database/collections/48e9ba0a-9719-4833-b753-6fcb41883cd9/query, [1mhttp.route[0m: "/api/v2/tenants/{tenant}/databases/{database}/collections/{collection_id}/query", [1mhttp.version[0m: HTTP/1.1, [1mhttp.host[0m: 127.0.0.1:8000, [1mhttp.user_agent[0m: Chroma Python Client v1.5.9 (https://github.com/chroma-core/chroma), [1motel.name[0m: "POST /api/v2/tenants/{tenant}/databases/{database}/collections/{collection_id}/query"

  [2m2026-09-30T07:23:07.802163Z[0m [32m INFO[0m  [1;32mtenant[0m[32m: "default_tenant", [1;32mdatabase[0m[32m: "default_database", [1;32mcollection_id[0m[32m: "48e9ba0a-9719-4833-b753-6fcb41883cd9"[0m
    [2;3mat[0m rust\frontend\src\server.rs:2535
    [2;3min[0m [1mHTTP request[0m [2;3mwith[0m [1mhttp.method[0m: GET, [1mhttp.uri[0m: /api/v2/tenants/default_tenant/databases/default_database/collections/48e9ba0a-9719-4833-b753-6fcb41883cd9/count?read_level=index_and_wal, [1mhttp.route[0m: "/api/v2/tenants/{tenant}/databases/{database}/collections/{collection_id}/count", [1mhttp.version[0m: HTTP/1.1, [1mhttp.host[0m: 127.0.0.1:8000, [1mhttp.user_agent[0m: Chroma Python Client v1.5.9 (https://github.com/chroma-core/chroma), [1motel.name[0m: "GET /api/v2/tenants/{tenant}/databases/{database}/collections/{collection_id}/count"

  [2m2026-09-30T07:23:07.802193Z[0m [32m INFO[0m  [32mCache miss for collection 48e9ba0a-9719-4833-b753-6fcb41883cd9[0m
    [2;3mat[0m rust\frontend\src\get_collection_with_segments_provider.rs:182
    [2;3min[0m [1mHTTP request[0m [2;3mwith[0m [1mhttp.method[0m: GET, [1mhttp.uri[0m: /api/v2/tenants/default_tenant/databases/default_database/collections/48e9ba0a-9719-4833-b753-6fcb41883cd9/count?read_level=index_and_wal, [1mhttp.route[0m: "/api/v2/tenants/{tenant}/databases/{database}/collections/{collection_id}/count", [1mhttp.version[0m: HTTP/1.1, [1mhttp.host[0m: 127.0.0.1:8000, [1mhttp.user_agent[0m: Chroma Python Client v1.5.9 (https://github.com/chroma-core/chroma), [1motel.name[0m: "GET /api/v2/tenants/{tenant}/databases/{database}/collections/{collection_id}/count"

  [2m2026-09-30T07:23:07.802822Z[0m [32m INFO[0m  [32mCache miss for collection 48e9ba0a-9719-4833-b753-6fcb41883cd9[0m
    [2;3mat[0m rust\frontend\src\get_collection_with_segments_provider.rs:182
    [2;3min[0m [1mHTTP request[0m [2;3mwith[0m [1mhttp.method[0m: GET, [1mhttp.uri[0m: /api/v2/tenants/default_tenant/databases/default_database/collections/48e9ba0a-9719-4833-b753-6fcb41883cd9/count?read_level=index_and_wal, [1mhttp.route[0m: "/api/v2/tenants/{tenant}/databases/{database}/collections/{collection_id}/count", [1mhttp.version[0m: HTTP/1.1, [1mhttp.host[0m: 127.0.0.1:8000, [1mhttp.user_agent[0m: Chroma Python Client v1.5.9 (https://github.com/chroma-core/chroma), [1motel.name[0m: "GET /api/v2/tenants/{tenant}/databases/{database}/collections/{collection_id}/count"

  [2m2026-09-30T07:23:08.104905Z[0m [32m INFO[0m  [32mCache miss for collection 48e9ba0a-9719-4833-b753-6fcb41883cd9[0m
    [2;3mat[0m rust\frontend\src\get_collection_with_segments_provider.rs:182
    [2;3min[0m [1mHTTP request[0m [2;3mwith[0m [1mhttp.method[0m: POST, [1mhttp.uri[0m: /api/v2/tenants/default_tenant/databases/default_database/collections/48e9ba0a-9719-4833-b753-6fcb41883cd9/query, [1mhttp.route[0m: "/api/v2/tenants/{tenant}/databases/{database}/collections/{collection_id}/query", [1mhttp.version[0m: HTTP/1.1, [1mhttp.host[0m: 127.0.0.1:8000, [1mhttp.user_agent[0m: Chroma Python Client v1.5.9 (https://github.com/chroma-core/chroma), [1motel.name[0m: "POST /api/v2/tenants/{tenant}/databases/{database}/collections/{collection_id}/query"

  [2m2026-09-30T07:23:08.105468Z[0m [32m INFO[0m  [1;32mnum_ids[0m[32m: 0, [1;32mnum_embeddings[0m[32m: 1, [1;32minclude[0m[32m: IncludeList([Document, Metadata, Distance]), [1;32mhas_where[0m[32m: true[0m
    [2;3mat[0m rust\frontend\src\server.rs:3037
    [2;3min[0m [1mHTTP request[0m [2;3mwith[0m [1mhttp.method[0m: POST, [1mhttp.uri[0m: /api/v2/tenants/default_tenant/databases/default_database/collections/48e9ba0a-9719-4833-b753-6fcb41883cd9/query, [1mhttp.route[0m: "/api/v2/tenants/{tenant}/databases/{database}/collections/{collection_id}/query", [1mhttp.version[0m: HTTP/1.1, [1mhttp.host[0m: 127.0.0.1:8000, [1mhttp.user_agent[0m: Chroma Python Client v1.5.9 (https://github.com/chroma-core/chroma), [1motel.name[0m: "POST /api/v2/tenants/{tenant}/databases/{database}/collections/{collection_id}/query"

  [2m2026-09-30T07:23:08.105488Z[0m [32m INFO[0m  [32mCache miss for collection 48e9ba0a-9719-4833-b753-6fcb41883cd9[0m
    [2;3mat[0m rust\frontend\src\get_collection_with_segments_provider.rs:182
    [2;3min[0m [1mHTTP request[0m [2;3mwith[0m [1mhttp.method[0m: POST, [1mhttp.uri[0m: /api/v2/tenants/default_tenant/databases/default_database/collections/48e9ba0a-9719-4833-b753-6fcb41883cd9/query, [1mhttp.route[0m: "/api/v2/tenants/{tenant}/databases/{database}/collections/{collection_id}/query", [1mhttp.version[0m: HTTP/1.1, [1mhttp.host[0m: 127.0.0.1:8000, [1mhttp.user_agent[0m: Chroma Python Client v1.5.9 (https://github.com/chroma-core/chroma), [1motel.name[0m: "POST /api/v2/tenants/{tenant}/databases/{database}/collections/{collection_id}/query"

  [2m2026-09-30T07:23:08.106043Z[0m [32m INFO[0m  [32mCache miss for collection 48e9ba0a-9719-4833-b753-6fcb41883cd9[0m
    [2;3mat[0m rust\frontend\src\get_collection_with_segments_provider.rs:182
    [2;3min[0m [1mHTTP request[0m [2;3mwith[0m [1mhttp.method[0m: POST, [1mhttp.uri[0m: /api/v2/tenants/default_tenant/databases/default_database/collections/48e9ba0a-9719-4833-b753-6fcb41883cd9/query, [1mhttp.route[0m: "/api/v2/tenants/{tenant}/databases/{database}/collections/{collection_id}/query", [1mhttp.version[0m: HTTP/1.1, [1mhttp.host[0m: 127.0.0.1:8000, [1mhttp.user_agent[0m: Chroma Python Client v1.5.9 (https://github.com/chroma-core/chroma), [1motel.name[0m: "POST /api/v2/tenants/{tenant}/databases/{database}/collections/{collection_id}/query"

